product_id,variant_id,price_after
7448751997166,42090738417902,4875
7448751997166,47362518581486,4875
7448751997166,47362518548718,5250
7448751997166,47362518614254,5250
7461505794286,42090754769134,2475
7461505794286,47362587918574,2475
7461505794286,47362587951342,2475
7461505794286,47362587984110,2700
7461505794286,47362588016878,2700
7461505794286,47362588049646,2700
7461516706030,42090780852462,3025
7461516706030,42090780917998,3025
7461516706030,42090780983534,3025
7461516706030,42090781049070,3025
7461516706030,42090780885230,3300
7461516706030,42090780950766,3300
7461516706030,42090781016302,3300
7461516706030,42090781081838,3300
7461519098094,42090794844398,8800
7461519098094,47362639692014,8800
7461527978222,42090811425006,5200
7461527978222,47362645917934,5200
7461527978222,47362645950702,5200
7461535088878,42090849927406,6000
7461535088878,42090849960174,6000
7461535088878,42090849992942,6000
7461535088878,42090850025710,6000
7461670289646,42091255693550,3575
7461670289646,47362649817326,3575
7461670289646,47362649850094,3900
7461670289646,47362649882862,3900
7461670289646,47362649915630,3250
7461670289646,47362649948398,3250
7461676581102,42091274666222,2200
7461676581102,48197169774830,2200
7461676581102,48197169873134,2200
7461676581102,48197169709294,2400
7461676581102,48197169807598,2400
7461676581102,48197169905902,2400
7461676581102,48197169742062,2000
7461676581102,48197169840366,2000
7461676581102,48197169938670,2000
7461682938094,42091295244526,3025
7461682938094,47362655256814,3025
7461682938094,47362655289582,3025
7461682938094,47362655322350,3025
7461682938094,47362655355118,3300
7461682938094,47362655387886,3300
7461682938094,47362655420654,3300
7461682938094,47362655453422,3300
7461682938094,47362655486190,2750
7461682938094,47362655518958,2750
7461682938094,47362655551726,2750
7461682938094,47362655584494,2750
7461688082670,42091312808174,5625
7461688082670,47384894439662,5625
7461688082670,47384894472430,6000
7461688082670,47384894505198,6000
7461688082670,47384894537966,5250
7461688082670,47384894570734,5250
7461695258862,42091337122030,2475
7461695258862,47385074008302,2475
7461695258862,47385074041070,2475
7461695258862,47385074073838,2700
7461695258862,47385074106606,2700
7461695258862,47385074139374,2700
7461695258862,47385074172142,2250
7461695258862,47385074204910,2250
7461695258862,47385074237678,2250
7461700927726,42091355046126,3575
7461700927726,47385215434990,3575
7461700927726,47385215467758,3575
7461700927726,47385215500526,3575
7461700927726,47385215533294,3850
7461700927726,47385215566062,3850
7461700927726,47385215598830,3850
7461700927726,47385215631598,3850
7461700927726,47385215664366,3300
7461700927726,47385215697134,3300
7461700927726,47385215729902,3300
7461700927726,47385215762670,3300
7461721309422,42091419402478,7000
7461721309422,48180403372270,7000
7461723504878,42091424579822,4200
7461723504878,48197165580526,4200
7461723504878,48197165613294,4200
7461726028014,42091430379758,6000
7461726028014,47388513894638,6000
7461726028014,47388513927406,6000
7461726028014,47388513960174,6000
7461727699182,42091435065582,3575
7461727699182,48193520894190,3575
7461727699182,48193520795886,3900
7461727699182,48193520926958,3900
7461727699182,48193520828654,3250
7461727699182,48193520959726,3250
7461727699182,48193520861422,3900
7461727699182,48193520992494,3900
7461864341742,42091752849646,2200
7461864341742,42091752980718,2200
7461864341742,42091753111790,2200
7461864341742,42091752882414,2400
7461864341742,42091753013486,2400
7461864341742,42091753144558,2400
7461864341742,42091752915182,2000
7461864341742,42091753046254,2000
7461864341742,42091753177326,2000
7461864341742,42091752947950,2400
7461864341742,42091753079022,2400
7461864341742,42091753210094,2400
7461871747310,42091773100270,3025
7461871747310,47388522217710,3025
7461871747310,47388522250478,3025
7461871747310,47388522283246,3025
7461871747310,47388522316014,3300
7461871747310,47388522348782,3300
7461871747310,47388522381550,3300
7461871747310,47388522414318,3300
7461871747310,47388522447086,2750
7461871747310,47388522479854,2750
7461871747310,47388522512622,2750
7461871747310,47388522545390,2750
7461871747310,47388522578158,3300
7461871747310,47388522610926,3300
7461871747310,47388522643694,3300
7461871747310,47388522676462,3300
7952864739566,43690773545198,9680
7952864739566,47388938797294,9680
7952870277358,43690780328174,5280
7952870277358,47389262250222,5280
7952870277358,47389262282990,5280
7952877912302,43690791633134,6160
7952877912302,47389338075374,6160
7952877912302,47389338108142,6160
7952877912302,47389338140910,6160
7952928473326,43690886103278,4400
7952928473326,47389468950766,4400
7952928473326,47389469016302,4400
7952928473326,47389469081838,4400
7952928473326,47389468917998,4400
7952928473326,47389468983534,4400
7952928473326,47389469049070,4400
7952928473326,47389469114606,4400
7952946987246,43690914906350,3025
7952946987246,47389483794670,3025
7952946987246,47389483860206,3025
7952946987246,47389483925742,3025
7952946987246,47389483761902,3300
7952946987246,47389483827438,3300
7952946987246,47389483892974,3300
7952946987246,47389483958510,3300
