product_title,product_id,variant_id,variant_title,price_before,compare_at_before,openlogi_available
RinTinTin Tank Top For Dog（ドッグ）,7461682938094,42091295244526,オフホワイト / XS,5500,5500,5
RinTinTin Tank Top For Dog（ドッグ）,7461682938094,47362655256814,オフホワイト / S,5500,5500,5
RinTinTin Tank Top For Dog（ドッグ）,7461682938094,47362655289582,オフホワイト / M,5500,5500,8
RinTinTin Tank Top For Dog（ドッグ）,7461682938094,47362655322350,オフホワイト / L,5500,5500,4
RinTinTin Tank Top For Dog（ドッグ）,7461682938094,47362655355118,スミクロ / XS,5500,5500,6
RinTinTin Tank Top For Dog（ドッグ）,7461682938094,47362655387886,スミクロ / S,5500,5500,5
RinTinTin Tank Top For Dog（ドッグ）,7461682938094,47362655420654,スミクロ / M,5500,5500,3
RinTinTin Tank Top For Dog（ドッグ）,7461682938094,47362655453422,スミクロ / L,5500,5500,5
RinTinTin Tank Top For Dog（ドッグ）,7461682938094,47362655486190,ピンク / XS,5500,5500,4
RinTinTin Tank Top For Dog（ドッグ）,7461682938094,47362655518958,ピンク / S,5500,5500,6
RinTinTin Tank Top For Dog（ドッグ）,7461682938094,47362655551726,ピンク / M,5500,5500,6
RinTinTin Tank Top For Dog（ドッグ）,7461682938094,47362655584494,ピンク / L,5500,5500,5
RinTinTin Short Sleeve Tee For Kids（キッズ）,7461676581102,42091274666222,オフホワイト / 110,4000,4000,8
RinTinTin Short Sleeve Tee For Kids（キッズ）,7461676581102,48197169774830,オフホワイト / 120,4000,4000,5
RinTinTin Short Sleeve Tee For Kids（キッズ）,7461676581102,48197169873134,オフホワイト / 130,4000,4000,4
RinTinTin Short Sleeve Tee For Kids（キッズ）,7461676581102,48197169709294,スミクロ / 110,4000,4000,8
RinTinTin Short Sleeve Tee For Kids（キッズ）,7461676581102,48197169807598,スミクロ / 120,4000,4000,5
RinTinTin Short Sleeve Tee For Kids（キッズ）,7461676581102,48197169905902,スミクロ / 130,4000,4000,3
RinTinTin Short Sleeve Tee For Kids（キッズ）,7461676581102,48197169742062,ピンク / 110,4000,4000,8
RinTinTin Short Sleeve Tee For Kids（キッズ）,7461676581102,48197169840366,ピンク / 120,4000,4000,4
RinTinTin Short Sleeve Tee For Kids（キッズ）,7461676581102,48197169938670,ピンク / 130,4000,4000,5
British Dogs Long Sleeve Tee For Kids（キッズ）,7461505794286,42090754769134,オフホワイト / 110,4500,4500,4
British Dogs Long Sleeve Tee For Kids（キッズ）,7461505794286,47362587918574,オフホワイト / 120,4500,4500,9
British Dogs Long Sleeve Tee For Kids（キッズ）,7461505794286,47362587951342,オフホワイト / 130,4500,4500,5
British Dogs Long Sleeve Tee For Kids（キッズ）,7461505794286,47362587984110,スミクロ / 110,4500,4500,7
British Dogs Long Sleeve Tee For Kids（キッズ）,7461505794286,47362588016878,スミクロ / 120,4500,4500,9
British Dogs Long Sleeve Tee For Kids（キッズ）,7461505794286,47362588049646,スミクロ / 130,4500,4500,1
Brittany Spaniel Short Sleeve Tee For Kids（キッズ）,7461864341742,42091752849646,オフホワイト / 110,4000,4000,10
Brittany Spaniel Short Sleeve Tee For Kids（キッズ）,7461864341742,42091752980718,オフホワイト / 120,4000,4000,0
Brittany Spaniel Short Sleeve Tee For Kids（キッズ）,7461864341742,42091753111790,オフホワイト / 130,4000,4000,5
Brittany Spaniel Short Sleeve Tee For Kids（キッズ）,7461864341742,42091752882414,スミクロ / 110,4000,4000,11
Brittany Spaniel Short Sleeve Tee For Kids（キッズ）,7461864341742,42091753013486,スミクロ / 120,4000,4000,1
Brittany Spaniel Short Sleeve Tee For Kids（キッズ）,7461864341742,42091753144558,スミクロ / 130,4000,4000,2
Brittany Spaniel Short Sleeve Tee For Kids（キッズ）,7461864341742,42091752915182,ピンク / 110,4000,4000,7
Brittany Spaniel Short Sleeve Tee For Kids（キッズ）,7461864341742,42091753046254,ピンク / 120,4000,4000,3
Brittany Spaniel Short Sleeve Tee For Kids（キッズ）,7461864341742,42091753177326,ピンク / 130,4000,4000,4
Brittany Spaniel Short Sleeve Tee For Kids（キッズ）,7461864341742,42091752947950,グリーン / 110,4000,4000,10
Brittany Spaniel Short Sleeve Tee For Kids（キッズ）,7461864341742,42091753079022,グリーン / 120,4000,4000,4
Brittany Spaniel Short Sleeve Tee For Kids（キッズ）,7461864341742,42091753210094,グリーン / 130,4000,4000,1
Flanders Long Sleeve Tee For Kids（キッズ）,7461695258862,42091337122030,オフホワイト / 110,4500,4500,13
Flanders Long Sleeve Tee For Kids（キッズ）,7461695258862,47385074008302,オフホワイト / 120,4500,4500,2
Flanders Long Sleeve Tee For Kids（キッズ）,7461695258862,47385074041070,オフホワイト / 130,4500,4500,2
Flanders Long Sleeve Tee For Kids（キッズ）,7461695258862,47385074073838,スミクロ / 110,4500,4500,8
Flanders Long Sleeve Tee For Kids（キッズ）,7461695258862,47385074106606,スミクロ / 120,4500,4500,7
Flanders Long Sleeve Tee For Kids（キッズ）,7461695258862,47385074139374,スミクロ / 130,4500,4500,5
Flanders Long Sleeve Tee For Kids（キッズ）,7461695258862,47385074172142,ピンク / 110,4500,4500,10
Flanders Long Sleeve Tee For Kids（キッズ）,7461695258862,47385074204910,ピンク / 120,4500,4500,4
Flanders Long Sleeve Tee For Kids（キッズ）,7461695258862,47385074237678,ピンク / 130,4500,4500,4
RinTinTin Short Sleeve Tee（アダルト・ユニセックス）,7461670289646,42091255693550,オフホワイト / M,6500,6500,8
RinTinTin Short Sleeve Tee（アダルト・ユニセックス）,7461670289646,47362649817326,オフホワイト / L,6500,6500,13
RinTinTin Short Sleeve Tee（アダルト・ユニセックス）,7461670289646,47362649850094,スミクロ / M,6500,6500,2
RinTinTin Short Sleeve Tee（アダルト・ユニセックス）,7461670289646,47362649882862,スミクロ / L,6500,6500,1
RinTinTin Short Sleeve Tee（アダルト・ユニセックス）,7461670289646,47362649915630,ピンク / M,6500,6500,13
RinTinTin Short Sleeve Tee（アダルト・ユニセックス）,7461670289646,47362649948398,ピンク / L,6500,6500,8
Two of a kind Sweat For Dog（ドッグ）,7952946987246,43690914906350,ホワイト / XS,5500,5500,9
Two of a kind Sweat For Dog（ドッグ）,7952946987246,47389483794670,ホワイト / S,5500,5500,13
Two of a kind Sweat For Dog（ドッグ）,7952946987246,47389483860206,ホワイト / M,5500,5500,9
Two of a kind Sweat For Dog（ドッグ）,7952946987246,47389483925742,ホワイト / L,5500,5500,3
Two of a kind Sweat For Dog（ドッグ）,7952946987246,47389483761902,ブラック / XS,5500,5500,8
Two of a kind Sweat For Dog（ドッグ）,7952946987246,47389483827438,ブラック / S,5500,5500,9
Two of a kind Sweat For Dog（ドッグ）,7952946987246,47389483892974,ブラック / M,5500,5500,8
Two of a kind Sweat For Dog（ドッグ）,7952946987246,47389483958510,ブラック / L,5500,5500,5
Brittany Spaniel Short Sleeve Tee(アダルト-ユニセックス),7461727699182,42091435065582,オフホワイト / M,6500,6500,10
Brittany Spaniel Short Sleeve Tee(アダルト-ユニセックス),7461727699182,48193520894190,オフホワイト / L,6500,6500,14
Brittany Spaniel Short Sleeve Tee(アダルト-ユニセックス),7461727699182,48193520795886,スミクロ / M,6500,6500,6
Brittany Spaniel Short Sleeve Tee(アダルト-ユニセックス),7461727699182,48193520926958,スミクロ / L,6500,6500,7
Brittany Spaniel Short Sleeve Tee(アダルト-ユニセックス),7461727699182,48193520828654,ピンク / M,6500,6500,8
Brittany Spaniel Short Sleeve Tee(アダルト-ユニセックス),7461727699182,48193520959726,ピンク / L,6500,6500,15
Brittany Spaniel Short Sleeve Tee(アダルト-ユニセックス),7461727699182,48193520861422,グリーン / M,6500,6500,9
Brittany Spaniel Short Sleeve Tee(アダルト-ユニセックス),7461727699182,48193520992494,グリーン / L,6500,6500,11
British Dogs Tank Top For Dog（ドッグ）,7461516706030,42090780852462,オフホワイト / XS,5500,5500,9
British Dogs Tank Top For Dog（ドッグ）,7461516706030,42090780917998,オフホワイト / S,5500,5500,8
British Dogs Tank Top For Dog（ドッグ）,7461516706030,42090780983534,オフホワイト / M,5500,5500,7
British Dogs Tank Top For Dog（ドッグ）,7461516706030,42090781049070,オフホワイト / L,5500,5500,0
British Dogs Tank Top For Dog（ドッグ）,7461516706030,42090780885230,スミクロ / XS,5500,5500,9
British Dogs Tank Top For Dog（ドッグ）,7461516706030,42090780950766,スミクロ / S,5500,5500,10
British Dogs Tank Top For Dog（ドッグ）,7461516706030,42090781016302,スミクロ / M,5500,5500,10
British Dogs Tank Top For Dog（ドッグ）,7461516706030,42090781081838,スミクロ / L,5500,5500,4
Brittany Spaniel Short Tank Top For Dog（ドッグ）,7461871747310,42091773100270,オフホワイト / XS,5500,5500,3
Brittany Spaniel Short Tank Top For Dog（ドッグ）,7461871747310,47388522217710,オフホワイト / S,5500,5500,12
Brittany Spaniel Short Tank Top For Dog（ドッグ）,7461871747310,47388522250478,オフホワイト / M,5500,5500,10
Brittany Spaniel Short Tank Top For Dog（ドッグ）,7461871747310,47388522283246,オフホワイト / L,5500,5500,4
Brittany Spaniel Short Tank Top For Dog（ドッグ）,7461871747310,47388522316014,スミクロ / XS,5500,5500,1
Brittany Spaniel Short Tank Top For Dog（ドッグ）,7461871747310,47388522348782,スミクロ / S,5500,5500,7
Brittany Spaniel Short Tank Top For Dog（ドッグ）,7461871747310,47388522381550,スミクロ / M,5500,5500,8
Brittany Spaniel Short Tank Top For Dog（ドッグ）,7461871747310,47388522414318,スミクロ / L,5500,5500,4
Brittany Spaniel Short Tank Top For Dog（ドッグ）,7461871747310,47388522447086,ピンク / XS,5500,5500,1
Brittany Spaniel Short Tank Top For Dog（ドッグ）,7461871747310,47388522479854,ピンク / S,5500,5500,6
Brittany Spaniel Short Tank Top For Dog（ドッグ）,7461871747310,47388522512622,ピンク / M,5500,5500,4
Brittany Spaniel Short Tank Top For Dog（ドッグ）,7461871747310,47388522545390,ピンク / L,5500,5500,0
Brittany Spaniel Short Tank Top For Dog（ドッグ）,7461871747310,47388522578158,グリーン / XS,5500,5500,3
Brittany Spaniel Short Tank Top For Dog（ドッグ）,7461871747310,47388522610926,グリーン / S,5500,5500,8
Brittany Spaniel Short Tank Top For Dog（ドッグ）,7461871747310,47388522643694,グリーン / M,5500,5500,8
Brittany Spaniel Short Tank Top For Dog（ドッグ）,7461871747310,47388522676462,グリーン / L,5500,5500,0
British Dogs Long Sleeve Tee（アダルト・ユニセックス）,7448751997166,42090738417902,オフホワイト / M,7500,7500,11
British Dogs Long Sleeve Tee（アダルト・ユニセックス）,7448751997166,47362518581486,オフホワイト / L,7500,7500,15
British Dogs Long Sleeve Tee（アダルト・ユニセックス）,7448751997166,47362518548718,スミクロ / M,7500,7500,0
British Dogs Long Sleeve Tee（アダルト・ユニセックス）,7448751997166,47362518614254,スミクロ / L,7500,7500,0
Flanders Tank Top For Dog（ドッグ）,7461700927726,42091355046126,オフホワイト / XS,5500,5500,7
Flanders Tank Top For Dog（ドッグ）,7461700927726,47385215434990,オフホワイト / S,5500,5500,5
Flanders Tank Top For Dog（ドッグ）,7461700927726,47385215467758,オフホワイト / M,5500,5500,0
Flanders Tank Top For Dog（ドッグ）,7461700927726,47385215500526,オフホワイト / L,5500,5500,2
Flanders Tank Top For Dog（ドッグ）,7461700927726,47385215533294,スミクロ / XS,5500,5500,8
Flanders Tank Top For Dog（ドッグ）,7461700927726,47385215566062,スミクロ / S,5500,5500,4
Flanders Tank Top For Dog（ドッグ）,7461700927726,47385215598830,スミクロ / M,5500,5500,1
Flanders Tank Top For Dog（ドッグ）,7461700927726,47385215631598,スミクロ / L,5500,5500,0
Flanders Tank Top For Dog（ドッグ）,7461700927726,47385215664366,ピンク / XS,5500,5500,5
Flanders Tank Top For Dog（ドッグ）,7461700927726,47385215697134,ピンク / S,5500,5500,8
Flanders Tank Top For Dog（ドッグ）,7461700927726,47385215729902,ピンク / M,5500,5500,2
Flanders Tank Top For Dog（ドッグ）,7461700927726,47385215762670,ピンク / L,5500,5500,4
Flanders Short Sleeve Shirts（アダルト・ユニセックス）,7461721309422,42091419402478,テラコッタ / M,10000,10000,14
Flanders Short Sleeve Shirts（アダルト・ユニセックス）,7461721309422,48180403372270,テラコッタ / L,10000,10000,24
Flanders Short Sleeve Shirts For Kids（キッズ）,7461723504878,42091424579822,テラコッタ / 110,6000,6000,2
Flanders Short Sleeve Shirts For Kids（キッズ）,7461723504878,48197165580526,テラコッタ / 120,6000,6000,8
Flanders Short Sleeve Shirts For Kids（キッズ）,7461723504878,48197165613294,テラコッタ / 130,6000,6000,4
British Dogs Shirts For Dog（ドッグ）,7461535088878,42090849927406,オフホワイト / XS,7500,7500,1
British Dogs Shirts For Dog（ドッグ）,7461535088878,42090849960174,オフホワイト / S,7500,7500,8
British Dogs Shirts For Dog（ドッグ）,7461535088878,42090849992942,オフホワイト / M,7500,7500,0
British Dogs Shirts For Dog（ドッグ）,7461535088878,42090850025710,オフホワイト / L,7500,7500,0
Flanders Long Sleeve Tee（アダルト・ユニセックス）,7461688082670,42091312808174,オフホワイト / M,7500,7500,0
Flanders Long Sleeve Tee（アダルト・ユニセックス）,7461688082670,47384894439662,オフホワイト / L,7500,7500,2
Flanders Long Sleeve Tee（アダルト・ユニセックス）,7461688082670,47384894472430,スミクロ / M,7500,7500,1
Flanders Long Sleeve Tee（アダルト・ユニセックス）,7461688082670,47384894505198,スミクロ / L,7500,7500,0
Flanders Long Sleeve Tee（アダルト・ユニセックス）,7461688082670,47384894537966,ピンク / M,7500,7500,1
Flanders Long Sleeve Tee（アダルト・ユニセックス）,7461688082670,47384894570734,ピンク / L,7500,7500,10
Playing Dog Sweat For Dog（ドッグ）,7952928473326,43690886103278,グリーン / XS,5500,5500,0
Playing Dog Sweat For Dog（ドッグ）,7952928473326,47389468950766,グリーン / S,5500,5500,2
Playing Dog Sweat For Dog（ドッグ）,7952928473326,47389469016302,グリーン / M,5500,5500,0
Playing Dog Sweat For Dog（ドッグ）,7952928473326,47389469081838,グリーン / L,5500,5500,0
Playing Dog Sweat For Dog（ドッグ）,7952928473326,47389468917998,ブラック / XS,5500,5500,3
Playing Dog Sweat For Dog（ドッグ）,7952928473326,47389468983534,ブラック / S,5500,5500,8
Playing Dog Sweat For Dog（ドッグ）,7952928473326,47389469049070,ブラック / M,5500,5500,3
Playing Dog Sweat For Dog（ドッグ）,7952928473326,47389469114606,ブラック / L,5500,5500,0
Flanders Shirts For Dog（ドッグ）,7461726028014,42091430379758,テラコッタ / XS,7500,7500,5
Flanders Shirts For Dog（ドッグ）,7461726028014,47388513894638,テラコッタ / S,7500,7500,15
Flanders Shirts For Dog（ドッグ）,7461726028014,47388513927406,テラコッタ / M,7500,7500,7
Flanders Shirts For Dog（ドッグ）,7461726028014,47388513960174,テラコッタ / L,7500,7500,0
British Dogs Long Sleeve Shirts For Kids（キッズ）,7461527978222,42090811425006,オフホワイト / 110,6500,6500,6
British Dogs Long Sleeve Shirts For Kids（キッズ）,7461527978222,47362645917934,オフホワイト / 120,6500,6500,8
British Dogs Long Sleeve Shirts For Kids（キッズ）,7461527978222,47362645950702,オフホワイト / 130,6500,6500,0
British Dogs Long Sleeve Shirts(アダルト-ユニセックス),7461519098094,42090794844398,オフホワイト / M,11000,11000,0
British Dogs Long Sleeve Shirts(アダルト-ユニセックス),7461519098094,47362639692014,オフホワイト / L,11000,11000,11
Various dogs Long Sleeve Shirts(アダルト-ユニセックス),7952864739566,43690773545198,M,12100,12100,0
Various dogs Long Sleeve Shirts(アダルト-ユニセックス),7952864739566,47388938797294,L,12100,12100,12
Various dogs Shirts For Dog（ドッグ）,7952877912302,43690791633134,XS,7700,7700,4
Various dogs Shirts For Dog（ドッグ）,7952877912302,47389338075374,S,7700,7700,7
Various dogs Shirts For Dog（ドッグ）,7952877912302,47389338108142,M,7700,7700,0
Various dogs Shirts For Dog（ドッグ）,7952877912302,47389338140910,L,7700,7700,0
Various dogs Long Sleeve Shirts For Kids（キッズ）,7952870277358,43690780328174,110,6600,6600,0
Various dogs Long Sleeve Shirts For Kids（キッズ）,7952870277358,47389262250222,120,6600,6600,4
Various dogs Long Sleeve Shirts For Kids（キッズ）,7952870277358,47389262282990,130,6600,6600,0
