1b2KoTVrBbRBfTpBrbHj8gLsSC1FiZUj1	1H43DMKY3SQGADznSCQYb-gOaeFvssYqx	2F8418CF-FDED-427B-8252-2758ABC7ED41.jpg
1b2KoTVrBbRBfTpBrbHj8gLsSC1FiZUj1	1TQszrt5MLD25SfvgykmVPcNy0ExWy8CB	2FC21ACD-EC98-4F2C-B75B-E6635C16C606.jpg
1RZPbUmrNHa6wCMG1JZz8ZR_i3l-RVWeu	1s-Xd2I8pjOWkRK0kfIFL8FVfgYkEGRX-	F662FA33-648F-46C4-B91D-2709D8674AC8.jpg
1RZPbUmrNHa6wCMG1JZz8ZR_i3l-RVWeu	1Oa41T27wnfp0MlszXbQShElF_3hCD1-s	EB360F53-A8DE-4ED5-848A-04D1A3B83537.jpg
1RZPbUmrNHa6wCMG1JZz8ZR_i3l-RVWeu	1-7LldmT6Fwi0fIORO8DfcZ8sn2WlMVxr	F70AC279-958B-4D23-8D2B-AECBAC117480.jpg
1RZPbUmrNHa6wCMG1JZz8ZR_i3l-RVWeu	1s6MGQ30YPD196PsdItXWS0H9hgJkgXOh	7A5412C2-C1C9-48F4-B356-15AF60B2A4C2.jpg
1RZPbUmrNHa6wCMG1JZz8ZR_i3l-RVWeu	1kuszGCZtjCwUhksyvzxHv4JmNziXc7tZ	EFE4B341-73F5-46B8-AAC8-108C8157A56B.jpg
1RZPbUmrNHa6wCMG1JZz8ZR_i3l-RVWeu	1V79yPhyaAMGbU-M3pOUewfD6GK3PJA_-	BA66E6BF-D861-46B1-909D-63962D1A8EB2.jpg
1RZPbUmrNHa6wCMG1JZz8ZR_i3l-RVWeu	1nCXEt7i-DnQzUQUbCPM5e8yH_GcMC7W6	BAF530C7-ACAF-4D2F-AED0-5EB9AEE497E8.jpg
1RZPbUmrNHa6wCMG1JZz8ZR_i3l-RVWeu	17uEbqi64DPV6LWtfJJwoVYQ67IBnTFP9	6E7B2D06-7849-4C75-BB7A-6307EF73A947.jpg
1RZPbUmrNHa6wCMG1JZz8ZR_i3l-RVWeu	1Jo_nRDxBmvP86vikc5E4Ug-AolC8qeG4	B6924E4E-50E2-49B2-BB8D-91B0550F6C7A.jpg
1RZPbUmrNHa6wCMG1JZz8ZR_i3l-RVWeu	1UmuKgMd4gibXO9JPn-51iIRLnRmxcgIR	6C88D6D3-1A68-4249-B82E-16D6E5314141.jpg
1RZPbUmrNHa6wCMG1JZz8ZR_i3l-RVWeu	1dTHH0eJ5pfcHxIKQrCMxUr8kOBcL_Dcd	82C1D403-8FB8-4363-96EC-ABB6705D95D7.jpg
1RZPbUmrNHa6wCMG1JZz8ZR_i3l-RVWeu	1UxaJvmb28MMTBzJLNZdQQTHHf33VgBu6	D0FC0ACD-25DD-4F08-8F01-0594B4444A03.jpg
1RZPbUmrNHa6wCMG1JZz8ZR_i3l-RVWeu	1xuElHxBR5JDj0nRFT6ybWQW3eTHFVqB0	5A24CC23-4425-400D-A075-28DE4F84CDB1.jpg
1RZPbUmrNHa6wCMG1JZz8ZR_i3l-RVWeu	1OJpEaa_1ktyzpCSPxENRORY2tzLP3vbL	440B06E9-EF6C-44EC-866E-9C0A74F108F6.jpg
1RZPbUmrNHa6wCMG1JZz8ZR_i3l-RVWeu	1d5Dh-z1z_qhbtroBBM91rtDsAoF8nthN	5664F45C-EFBB-4F77-82A9-557C3A492563.jpg
1RZPbUmrNHa6wCMG1JZz8ZR_i3l-RVWeu	1pLZ2suRBNO3vhNq9aylqOgwYGnY-Sf_H	6DA61956-1845-401F-99A1-B16AFCD9884C.jpg
1RZPbUmrNHa6wCMG1JZz8ZR_i3l-RVWeu	1Ra4w70cC7pvC9C7IjgM_zGFWJzJBG5n1	65DAF102-711D-4527-999B-4D20295FEE33.jpg
1RZPbUmrNHa6wCMG1JZz8ZR_i3l-RVWeu	1VUkv_M05-MCqqaYWnGjfG0J59guVeI9z	5BD612DF-45F0-45BD-B560-A11D2ACDA153.jpg
1RZPbUmrNHa6wCMG1JZz8ZR_i3l-RVWeu	1xfHdrDDGSYHN3yuFffNqxZeU4QGwDSiB	24F78751-F75A-427A-AEA8-84161288EF04.jpg
1RZPbUmrNHa6wCMG1JZz8ZR_i3l-RVWeu	1OSvU1Gj4hgkKdFL0TdKvJ3DVH8c5HqZJ	1B278D1D-82B3-46B2-BC01-2E8E3ED75BA2.jpg
1RZPbUmrNHa6wCMG1JZz8ZR_i3l-RVWeu	1TEZAlzP3u0xuYoGnEuy3qtUZ0n8slwW2	09E4C12E-E34F-4A48-8305-D9A1B2D3855E.jpg
1RZPbUmrNHa6wCMG1JZz8ZR_i3l-RVWeu	1BldPhC4KTLw3jAQXpAc_tWbMjAPBPiDo	1E740E49-291A-4FE9-8B4E-6470891D154E.jpg
1RZPbUmrNHa6wCMG1JZz8ZR_i3l-RVWeu	1PQDjBelgqXyoN3V0QpndBD5xt8jF2l4u	09303C60-052A-463D-AC7E-AB19FB0765CA.jpg
1b2KoTVrBbRBfTpBrbHj8gLsSC1FiZUj1	13HNfvJjaDoGFaw_1KBrDmSHzDKSFoxty	ED68A1F6-1A84-4DA1-8F2C-4CD71F7F36E0.jpg
1b2KoTVrBbRBfTpBrbHj8gLsSC1FiZUj1	1MqHTV_XP9Qq7p8HcbVzppgcjdMQF1zIM	FDE7EE7E-B83E-45A3-88E6-9BC8DB13A35F.jpg
1b2KoTVrBbRBfTpBrbHj8gLsSC1FiZUj1	1xlrzjfNA_XZbpjaEfk6oyeASyXgDTnzA	D0A1DCA1-51C3-4E05-9F3F-329B0F2DD83E.jpg
1b2KoTVrBbRBfTpBrbHj8gLsSC1FiZUj1	1hy5lCUTxrTlvbFP_fzix5-6PxOjRkCFy	DA4418D5-7006-4299-88D2-49EBC45B7CE8.jpg
1b2KoTVrBbRBfTpBrbHj8gLsSC1FiZUj1	1EwPTQ1xNLfLy4y592xuo6mjOo2fw4MQt	CD4DC84C-65AC-47D1-87B1-6177EC99EA7B.jpg
1b2KoTVrBbRBfTpBrbHj8gLsSC1FiZUj1	1HFz2DEujihHFP4yJNF4Ja_cHlzwlfBey	D3DF2C67-BF44-48AA-9134-EB99AD74C3FC.jpg
1b2KoTVrBbRBfTpBrbHj8gLsSC1FiZUj1	1yceE_UEuojbT_KqIiTPDExxQTRuGJBrO	F20DA106-E5C8-491E-840A-13F7418D9FCB.jpg
1b2KoTVrBbRBfTpBrbHj8gLsSC1FiZUj1	1mZ7cbrxcG_9pAuloBd44LsvSTU-WCnMu	DFAC3118-4F76-4CB7-BCD9-011DB1BA3B48.jpg
1b2KoTVrBbRBfTpBrbHj8gLsSC1FiZUj1	1bIliIvAPGtne-m9iCOhqF7n_iufL3Z97	E8EFFE53-6A72-4AE7-8840-D51B901B7317.jpg
1b2KoTVrBbRBfTpBrbHj8gLsSC1FiZUj1	1L1dDQ1lmU1KIofLaiwPoOT_rbolvq5ee	CD47819A-314E-4CE6-B582-506656E3A206.jpg
1b2KoTVrBbRBfTpBrbHj8gLsSC1FiZUj1	1XG-QSiiXjrBH2PW_IzbLrOJB558ZTzwZ	BBEE1E91-71FE-4D5D-860F-FFD2CE13513B.jpg
1b2KoTVrBbRBfTpBrbHj8gLsSC1FiZUj1	11BhUsTRrcFLtaW_SOf6trxmXUd93-yoO	94EA5002-C481-45AC-B558-39DF986B886D.jpg
1b2KoTVrBbRBfTpBrbHj8gLsSC1FiZUj1	171aQ0x6cIyM_Watk5OhVHWzthVf89o_9	A03B77DA-D706-409E-A9A8-E4867DE55A76.jpg
1b2KoTVrBbRBfTpBrbHj8gLsSC1FiZUj1	1HxvGioTrCDpOpc4-BosY2o8mnI1_D7lp	88D156E8-4358-4651-8BFA-20BB93B12640.jpg
1b2KoTVrBbRBfTpBrbHj8gLsSC1FiZUj1	1gwz52_qW5HVlgvAddhtLN6e5XGfIC_ym	8D7F5ADD-E8B9-4A85-8D6F-1079F4DFF752.jpg
1b2KoTVrBbRBfTpBrbHj8gLsSC1FiZUj1	16Ra6kl8uIICIn5im_gMXfX9BtWHKR6Xn	BF742092-19BB-4809-A678-90FA30F22127.jpg
1b2KoTVrBbRBfTpBrbHj8gLsSC1FiZUj1	1KipAVdlG4ZyFHhWGe4Az549doCLax9q7	8A7729F2-0D34-46AE-B737-CEA86F8BFEC3.jpg
1b2KoTVrBbRBfTpBrbHj8gLsSC1FiZUj1	125P21r85voKrhf1wddDOPmEFEMix9-yD	C9204DDA-0139-4E07-9A09-D7D7447ED2C4.jpg
1b2KoTVrBbRBfTpBrbHj8gLsSC1FiZUj1	1AYReM52LTAdWU6uhsczJ0khPydwbjurX	A45E175D-4291-4849-84E7-E5FA3075F610.jpg
1b2KoTVrBbRBfTpBrbHj8gLsSC1FiZUj1	14N-WTvwJXksokQOos60kgNzFnhox4_SL	CBD98C5F-0864-435F-A7E8-B4BDD533ACC1.jpg
1b2KoTVrBbRBfTpBrbHj8gLsSC1FiZUj1	1oDole_oMTqLVVnpOXSYPc024mBAqBKuH	B1A8DF1B-4518-4498-9D6A-3756E9CA54B6.jpg
1b2KoTVrBbRBfTpBrbHj8gLsSC1FiZUj1	1I91qMQ_D89UB9UcZ1tFPit7zWhuVekzP	C3B7A745-7CB3-49E8-B311-A2CE88454684.jpg
1b2KoTVrBbRBfTpBrbHj8gLsSC1FiZUj1	1etIYfB1krb30BUNLqDXH7iX77j-eqxmp	AEB18661-D171-49BD-9EEC-76670ABDE4DA.jpg
1b2KoTVrBbRBfTpBrbHj8gLsSC1FiZUj1	1jiixHErSRkxq8fhtOK8lRa1wdKI_n3UO	826D031F-8B4F-49E7-A070-3BA348EB6A95.jpg
1b2KoTVrBbRBfTpBrbHj8gLsSC1FiZUj1	1AcozX02lbs3jWXM5vPTwIBZzF66D5rxp	7A7F09F7-1A48-4DA3-B075-0473A9DCD22F.jpg
1b2KoTVrBbRBfTpBrbHj8gLsSC1FiZUj1	17vJUpE3SdL44LJLz6_KSk5khgxMfNeL3	BFDD5C9E-FED2-4831-A8DA-2B4C8F9E5259.jpg
1b2KoTVrBbRBfTpBrbHj8gLsSC1FiZUj1	1wMXsZa9-Lmkg0vai5BGdI3fB3K_Lx31L	71626123-A8CE-44DF-A311-1AEB50F8D8AB.jpg
1b2KoTVrBbRBfTpBrbHj8gLsSC1FiZUj1	1_ioVhHn4pRfncR8OK36823s97FmP2pTj	B4CDEFB3-D544-4649-9885-BD6F28955EC9.jpg
1b2KoTVrBbRBfTpBrbHj8gLsSC1FiZUj1	1dseEkZ5NUG0Akv507sUAsda_Fn8qg0ov	2A633C9E-84B7-4EC9-8830-D421562978AD.jpg
1b2KoTVrBbRBfTpBrbHj8gLsSC1FiZUj1	1hbS4GWnXFwCeK4U5bzXa_ouDY2WvpWa6	ADAB383C-3E86-4E23-8BBC-88F41B787C16.jpg
1b2KoTVrBbRBfTpBrbHj8gLsSC1FiZUj1	1puyisfgoH4_HCIXJ0JVXcV1akDhZzT1W	62E889EA-D3F4-4819-9163-57FCF13052EA.jpg
1b2KoTVrBbRBfTpBrbHj8gLsSC1FiZUj1	147f4oCMzKOjjGE384zT5MD1nDrJZk0Uo	80754CCF-4812-4E5D-9EAC-F068676F454A.jpg
1b2KoTVrBbRBfTpBrbHj8gLsSC1FiZUj1	1OsMxu42lnGS1_JkKINGnEc3cHfZ0GzOf	312EBD9F-8AA3-4773-9E7F-34C671D1A670.jpg
1b2KoTVrBbRBfTpBrbHj8gLsSC1FiZUj1	13NTxZ5yKzyoYaNa9E7Optch6TXYO1EDe	752E8DBE-8DA7-4C42-8A2C-D9B2C6F5BD35.jpg
1b2KoTVrBbRBfTpBrbHj8gLsSC1FiZUj1	1KrOw81xODOpIyJnQ4nWWLIM5Bnn4bTer	1B28C744-057F-4C48-B8B9-CED9ED4AE2D4.jpg
1b2KoTVrBbRBfTpBrbHj8gLsSC1FiZUj1	1ShD8V6Fu3eg75AYIAFddVbShwyV-sri3	53A0F657-6654-4DF3-BE2D-008DDEBA8A45.jpg
1b2KoTVrBbRBfTpBrbHj8gLsSC1FiZUj1	1lFEJVMHqqLdnVp3gIl1wReFYmW4aSnyq	0946902D-28A3-41F5-AEA8-9E0BFB785665.jpg
1b2KoTVrBbRBfTpBrbHj8gLsSC1FiZUj1	1lcHdDwOhHsXKmTBjbA7ciqabxtwVDVgi	1C44EAD8-D944-4C1F-8681-613C414C22A2.jpg
1b2KoTVrBbRBfTpBrbHj8gLsSC1FiZUj1	1TEkB8UtexrFCr4UWHiG2plpyf1ogaSfV	2482DBC7-0A11-41E3-B1AA-D173F6C59445.jpg
1b2KoTVrBbRBfTpBrbHj8gLsSC1FiZUj1	1vwi6-A4qyHU3lcB6Bsn32k71HH1kvRK3	095F6354-6BBD-4D22-8698-6F579733E8E3.jpg
1b2KoTVrBbRBfTpBrbHj8gLsSC1FiZUj1	1RMuBBQkiwzK0CdvsJumEQrzjJbHxH0cL	2B5D3C87-A4CA-4F09-A7DB-6B158A823A0D.jpg
1b2KoTVrBbRBfTpBrbHj8gLsSC1FiZUj1	1JDslhyK_PhNR2pI3nzCjwfw4uqNP9fw3	1A5D6A99-4F04-4F75-9DDF-C92422E7C553.jpg
156ykUX04yIq7p9lpY-evbIaPtY2dYp0w	17ypESJxZR7PdxoF2BNfs3FuMeV0pdqub	D6F49F7A-D1FE-44C3-B3F2-952A1EA57828.jpg
156ykUX04yIq7p9lpY-evbIaPtY2dYp0w	1c3xKNm046Ak4XOxflGzi5zy3hkrvT61O	9F63401A-FDED-466E-82EB-0112194F5FE0.jpg
156ykUX04yIq7p9lpY-evbIaPtY2dYp0w	1WOCX4-BeuRTGhAuDKBA0iCHFrqN4vemA	94E6AFF2-B1B5-4DD5-A7BA-0DB8083DD67C.jpg
156ykUX04yIq7p9lpY-evbIaPtY2dYp0w	1oZ9NcnY29_MFWFJW1Xa35yiy2hk3FUtP	9B54940F-E33A-4FFC-9C4A-05EEB9FAFDB7.jpg
156ykUX04yIq7p9lpY-evbIaPtY2dYp0w	1cGXMqEzTK9CSCbsykGlBxQ2I6Cxk_E3F	5FFCF16E-5A5D-431B-ADE8-50D6C2A6C5D6.jpg
156ykUX04yIq7p9lpY-evbIaPtY2dYp0w	1vyKARZRG6m1akF_DCcSyixeHDh7FuZBU	FACA7946-96D7-4E03-BE83-6CB54BA9719C.jpg
156ykUX04yIq7p9lpY-evbIaPtY2dYp0w	1ReqVnA2WB2aRE-6Vq3MuC8zovW8An-iD	BDEF31E6-C41A-4CFC-83AB-52EE23C5397F.jpg
156ykUX04yIq7p9lpY-evbIaPtY2dYp0w	1YjTXQ7XuMHagea107mQoVkjxZMXFCFwa	6E226CC4-4694-4328-9A14-F030F7BB28A5.jpg
156ykUX04yIq7p9lpY-evbIaPtY2dYp0w	1tyWNo1aRoVqqsoYdGrG1ecMjpT_3H3td	78AFCBC6-BFBE-49AD-862E-674E9A61BCBC.jpg
156ykUX04yIq7p9lpY-evbIaPtY2dYp0w	1vxw1j0wFVjeQvPeJv4j4wIlK5947I8qh	78958F4C-0E16-4FEB-A183-8AE481378277.jpg
156ykUX04yIq7p9lpY-evbIaPtY2dYp0w	1R5dNLvMuciQmE-rU7WfgJ8snh7Soaw79	5E923CD0-5F4D-45D3-A05D-1C308FDBDF5E.jpg
156ykUX04yIq7p9lpY-evbIaPtY2dYp0w	1TswIz2Q8SCDQOaTFWOc6_e1eWUDP19aE	511CEE77-A60E-4DB5-8AC4-48EED7FA7DFB.jpg
156ykUX04yIq7p9lpY-evbIaPtY2dYp0w	1YQWP1o9yL2hgz8mv7UljIeJHjUZalrYT	9AC42529-EBFE-444F-B874-EF6F0ED2E24B.jpg
156ykUX04yIq7p9lpY-evbIaPtY2dYp0w	1fjC_0cdKUM-j3CMDA_CVn4up-bpHT8OX	76300926-BD10-49A9-8E86-63F77AFD8D09.jpg
156ykUX04yIq7p9lpY-evbIaPtY2dYp0w	1gsIzx34BrCALoRSLgRy6B37Et3wctbRt	534A7A8C-B15E-482E-9658-0CDB59DA8A43.jpg
156ykUX04yIq7p9lpY-evbIaPtY2dYp0w	1PZEFYB91LA-Q7uEaH7bf6cwdL0lGBYW3	73D3667F-16DC-4D86-8A8A-B6E1CC61C497.jpg
156ykUX04yIq7p9lpY-evbIaPtY2dYp0w	1f0XOGCZYXkVn8ybwJ4XpZ_mRgCNZ1OIf	5E3EEDD5-7DA9-4895-AE74-5C4310B3C192.jpg
156ykUX04yIq7p9lpY-evbIaPtY2dYp0w	1x7P805XBxT_kIqhQKIwOHq9Bk4XQ4VP2	10969390-4000-4AA7-9A15-ECA4E260A9F4.jpg
156ykUX04yIq7p9lpY-evbIaPtY2dYp0w	1X3DTjPFVEudxXmDF4PiYOppI50wTmLVt	2E02D3B1-D619-4D14-9D94-8EC3330FDB78.jpg
156ykUX04yIq7p9lpY-evbIaPtY2dYp0w	1t-cgblTKNc3c7iajh9oQyFJuy9o1Xn_Q	0E13BCCC-BED5-4626-AC6E-610387C01E4F.jpg
156ykUX04yIq7p9lpY-evbIaPtY2dYp0w	1jQeYrCAs_GwnEpsY7p8JJblyRazG7EsR	3E5F0B6A-5234-4C6D-AF09-1BB72B72FB76.jpg
156ykUX04yIq7p9lpY-evbIaPtY2dYp0w	1yooRRMZlvzOpQGV-M_4aKm7FNbUBLQOp	404AF0DD-7205-4230-8AC0-80780B0EF517.jpg
156ykUX04yIq7p9lpY-evbIaPtY2dYp0w	1R2AT3hK2qgBvZn0oJzXyOzBqfQpR9dE4	5.jpg
1Sd0L1YmboNNIITk9Hddq2p5DvPORBBRV	19RqyLH74MrE9RUpcHhjyTRuOr-BAWgz_	FE0E0701-EFD3-48C7-9522-EA5CD845F080.jpg
1Sd0L1YmboNNIITk9Hddq2p5DvPORBBRV	1HBAjQGz1mKok-403cT1UnzO9DNcgMJNV	DA9F377D-2775-4B9D-BB3C-D019EE1056E7.jpg
1Sd0L1YmboNNIITk9Hddq2p5DvPORBBRV	16fufhwF5z2N-r-CSV0VL_JOcvvjZ1pVX	9745D571-2D16-4387-8E2B-81CA9590EE63.jpg
1Sd0L1YmboNNIITk9Hddq2p5DvPORBBRV	1eCSazuju8RmaSQk3LCHMDX0PNkZVbrjO	BD03E415-08D6-47A8-B6F5-8FCFCD0551D4.jpg
1Sd0L1YmboNNIITk9Hddq2p5DvPORBBRV	1opJTXvwfwf9yQKpl-62omshKQzWBeVfO	5F73BCB3-9754-47D7-8F18-F6748E3049DC.jpg
1Sd0L1YmboNNIITk9Hddq2p5DvPORBBRV	1ERxe_kZ7h3bMrziuWMAoPjSkXNoERLhS	4814283C-ED3F-41EC-83B7-291CFA2593EE.jpg
1Sd0L1YmboNNIITk9Hddq2p5DvPORBBRV	1VmopOidGIPtxXeCBR0Z_JQd1X4XtdgYr	6E56A79F-DE43-4DB5-AA0E-52E646832E8F.jpg
1Sd0L1YmboNNIITk9Hddq2p5DvPORBBRV	1dB2VI5FzkGW1hgSjzxppUTsE2e0zWl1r	6CAFE883-373E-4F2A-89DC-9956E9FA69CE.jpg
1Sd0L1YmboNNIITk9Hddq2p5DvPORBBRV	13laWrhiTBsQJXLhEn9AeHO42dRilOKmh	3BA1BCB0-5DAF-4361-87AC-99701C2ED794.jpg
1Sd0L1YmboNNIITk9Hddq2p5DvPORBBRV	1yyx0o5LNbErdIzOiGC5f2jGEZcBEcGWI	39EEF3E8-9967-4C73-80F0-10CC3952472F.jpg
1Sd0L1YmboNNIITk9Hddq2p5DvPORBBRV	1YYZy8N2ZX_Yq8YNdEup6iMgvC7O0LOD-	37453F6B-80F1-41B9-B381-3490B82627BB.jpg
1Sd0L1YmboNNIITk9Hddq2p5DvPORBBRV	1rUGJB1WlJsenOvNY-lofOKzFMA-c8GTA	36BCF506-A765-44AF-BEF7-45381D886340.jpg
1Sd0L1YmboNNIITk9Hddq2p5DvPORBBRV	1T94Rzq7powNhSxV1Xoh7ogqZejaPUAhy	0D5D7F6F-43DA-482E-9B37-90EB6A7BE689.jpg
1Sd0L1YmboNNIITk9Hddq2p5DvPORBBRV	1MR48veUiN_biDgdF3jFBgUhDWODzCFYC	208EE5B1-999A-4E51-BDE9-6E1374124EEC.jpg
1Sd0L1YmboNNIITk9Hddq2p5DvPORBBRV	1Ln61_sSnahbOpDQX2VmO0VroqjgHEJ7q	003EED3C-4B04-4DB8-9A2E-CDBFA688ECC2.jpg
1KldRy65_TQirDjkEDyGYgaPnwKLhtTv8	1CsqhTwa5YkZwBvLEW7uGH61cTDnhZ5mT	F66A0AA0-78FF-4481-93BA-735E11A55395.jpg
1KldRy65_TQirDjkEDyGYgaPnwKLhtTv8	1mcw35wYU6EQVRm7G8KEeQG2WoHnqkLHL	2F58FFB5-787D-49C1-8230-5938B75CB3A5.jpg
1KldRy65_TQirDjkEDyGYgaPnwKLhtTv8	1mM-8GhZnXt2V3cu40LGV1jek2Tt8TvQa	3CFA2BE5-6499-42BF-923D-90EA17330F60.jpg
1KldRy65_TQirDjkEDyGYgaPnwKLhtTv8	1MT-aWZMwaNbDJMfz5lmTorRV2QSNujWS	D872F5EC-39FD-49F8-9DA3-2F9D9ECE664D.jpg
1KldRy65_TQirDjkEDyGYgaPnwKLhtTv8	1-bVJCcEzASWTyiYNvq59lPnCyeMiZ13o	2859F847-B973-4D3D-A332-6100FF129F03.jpg
1KldRy65_TQirDjkEDyGYgaPnwKLhtTv8	1ySWcvwXdEo5FTSc3KMfrdAO-6_sdFKxd	2581B8E5-843D-418F-A616-0CDDDFA0CF96.jpg
1KldRy65_TQirDjkEDyGYgaPnwKLhtTv8	159Cvr0xb0awhBt3h3dIUAVzpE5tOXwDk	2733DC71-EC5C-447A-841B-8CF99C61CF50.jpg
1KldRy65_TQirDjkEDyGYgaPnwKLhtTv8	1kqxcUuMOOg3vu7ZoxWX4eGvWmN17AszM	1DD55565-C876-44DC-BB2D-2E81C632F77C.jpg
1KldRy65_TQirDjkEDyGYgaPnwKLhtTv8	1dSzyIXEmoqH4_RQ9KZa7V4tdbeV5iJX7	05A0B3FF-1052-4E1E-93ED-F7CA1B24D7D7.jpg
1X_IZtX1tcrfJRDN1BdlbAm_WECw9N8b1	1Vpc0zEGDWtwNKfpqhe6aOBBRevYpZ8Th	EC54E0DD-30AE-43A8-BC60-797DA9FE37C0.jpg
1X_IZtX1tcrfJRDN1BdlbAm_WECw9N8b1	1eA7BUncZKsBXq3Q9iMtPhrwWM8IRo21q	BDD5C0EA-D9A7-46E7-A657-E47E07043A3B.jpg
1X_IZtX1tcrfJRDN1BdlbAm_WECw9N8b1	1GGs_3KxXOSlKmIWWIAQzM_0jTWDJCHBq	FBF90F2B-9400-497E-95C4-2CE4A6FDEFD6.jpg
1X_IZtX1tcrfJRDN1BdlbAm_WECw9N8b1	1VeV-ZA9RWA-GGcMI_Ux4h1WcYQDN09v_	A8284BAE-C059-4122-938F-04E64885CCF4.jpg
1X_IZtX1tcrfJRDN1BdlbAm_WECw9N8b1	1kMx0gT8jIOVJgQ7rHVWxNZpHsR3yWHcz	AF41FA17-EECB-47CB-AB77-DDCAE2A8515E.jpg
1X_IZtX1tcrfJRDN1BdlbAm_WECw9N8b1	1ekMmhfVUCo8R154k2Y6exFp9n8Sp_nbJ	F4645CBA-0E1E-4892-B945-1114B0C83E4C.jpg
1X_IZtX1tcrfJRDN1BdlbAm_WECw9N8b1	1Cd4sbyzFPWjNpVG61Oe75mvdcer2U-UB	8825DB3F-10DC-4D6F-8763-E8BDBE6C071F.jpg
1X_IZtX1tcrfJRDN1BdlbAm_WECw9N8b1	1Yx2BIkTg0fY7-eb0JqDoQ4WhOSlfmg68	8BC8B98A-FBAA-4D52-A817-BCDA033B439D.jpg
1X_IZtX1tcrfJRDN1BdlbAm_WECw9N8b1	1sXfCRNte8Rwlb7UG1C4-wx1VNB5YZzsp	7DF0016E-54D5-451A-AE72-1198F073F3F5.jpg
1X_IZtX1tcrfJRDN1BdlbAm_WECw9N8b1	1SMUT6hbhsIIECw6x2PemTn6_yU5D-vZd	A702B1FC-7111-4738-88B3-31F4BF77CEB9.jpg
1X_IZtX1tcrfJRDN1BdlbAm_WECw9N8b1	114SW0g3_ZwE1iYw3Fwa0X-0RN5r2eZRX	740FDC7C-AFD0-4B99-96A1-794E8678FDA7.jpg
1X_IZtX1tcrfJRDN1BdlbAm_WECw9N8b1	1ZbjYaTZPvT7zwL6RCF4hLCv5Q1zyMmIt	65FA3186-E6E8-414E-991E-725C264AE597.jpg
1X_IZtX1tcrfJRDN1BdlbAm_WECw9N8b1	16YQFJ0flehM9d1Oej4RcFrbyLw--j3HA	7CF663E8-437E-4BE0-8CF2-B616F4206650.jpg
1X_IZtX1tcrfJRDN1BdlbAm_WECw9N8b1	1AcwuDeH4u93nkFy2WURJZzyP5PvIe25S	56FCE933-6BC0-43BF-9A39-1ED3E98C1817.jpg
1X_IZtX1tcrfJRDN1BdlbAm_WECw9N8b1	1JGyC7HcQC0jnnNztgJYNJ9_fDgaSOw6l	4DB9061C-489B-4639-893F-A3AE279D9F5B.jpg
1X_IZtX1tcrfJRDN1BdlbAm_WECw9N8b1	1z3jRnv2nJ9HyDCC0DapQ-yCImnjcvFPZ	6519A794-D5EA-407B-B5B1-78A3A3E8937B.jpg
1X_IZtX1tcrfJRDN1BdlbAm_WECw9N8b1	1-uwejI1SxibmuWxsl3I3YfFMAByygoq4	3BFCF282-F274-4A3C-B156-0A8B4C273BC7.jpg
1X_IZtX1tcrfJRDN1BdlbAm_WECw9N8b1	15rDUwdj0GWUarMPgw3axeX0WSGeMf2Ap	37A80E62-56C9-4909-B118-F77920C3814A.jpg
1X_IZtX1tcrfJRDN1BdlbAm_WECw9N8b1	1LPVdR81AP4umSmY8NF-lieZTcmi_y2Q2	04C1796F-9947-4FF7-8EB8-D573ECE20B09.jpg
1X_IZtX1tcrfJRDN1BdlbAm_WECw9N8b1	16sF1BG1h4YX6tO05hzGf1bGEV3GbsjRT	2FC2542A-430C-401C-9524-D1E949D3A9A6.jpg
1X_IZtX1tcrfJRDN1BdlbAm_WECw9N8b1	1iJ8UICs_UI2hIGLvjFrzeb-mBn3wgJGS	3690C651-F94C-437C-B1E8-562528C4BDE7.jpg
1X_IZtX1tcrfJRDN1BdlbAm_WECw9N8b1	1HAUawP3OoGsZnHnrg5Hmgy3Z90umAPfQ	2BDF02C5-F430-4B33-AB87-66FA90BFF55B.jpg
1X_IZtX1tcrfJRDN1BdlbAm_WECw9N8b1	1qPvIiAMAa-pY9C4cCQqERaf8zNreKFRj	0A45D44A-F6A9-4651-AEBC-3CEA82528C01.jpg
1Sd0L1YmboNNIITk9Hddq2p5DvPORBBRV	1wWVO6DDKCEApwkg3_1Kz7mspYhclKI10	6DDAAE4A-21EE-468D-9ED3-D957D7C4DD51.jpg
1Mq2VxAYEPZS5J8wDNzrC2DeT8wGH08X1	1slDHHdAD_aejYO_mgw0NmrUmTTh8L0HP	E18660F6-A748-49B4-8CFF-5F53C86C0546.jpg
1Mq2VxAYEPZS5J8wDNzrC2DeT8wGH08X1	1tSjF9ExXYwD3pT8ffjFMybAGe73CvUdI	FEB1BE1B-C76C-43E7-BDAB-B6462B9B0E8D.jpg
1Mq2VxAYEPZS5J8wDNzrC2DeT8wGH08X1	1z768TRR0pBqn-9tgFKiU7L22HGKFGHN3	FA3BD1DA-5B0B-456F-93F3-1941C123508B.jpg
1Mq2VxAYEPZS5J8wDNzrC2DeT8wGH08X1	1Z30erfrcr7M34aITzziVkyrYZFEzQ9lj	EA6D070D-4682-448C-937E-94E65E791E30.jpg
1Mq2VxAYEPZS5J8wDNzrC2DeT8wGH08X1	1Cg6koPZ4X4HbNHTi4ug5OM5el08n5uZb	3715C876-5A9E-4973-BA31-E8D212B9669B.jpg
1Mq2VxAYEPZS5J8wDNzrC2DeT8wGH08X1	1lAtv5I-QyeXBh8-5sCeBvUojmd4KyP1l	B79C88A7-5998-4A2C-9D5E-F7BB7BDC3DFB.jpg
1Mq2VxAYEPZS5J8wDNzrC2DeT8wGH08X1	1Zw41Nfq5gexy7nb4edlKpdmuRIHnAGi7	E537DB76-703E-4AC0-82B2-E56431CB6537.jpg
1Mq2VxAYEPZS5J8wDNzrC2DeT8wGH08X1	1jC4pZY81j92I-hNen-n6ZHh7V2qhYpWc	BB046B88-1CD9-447E-AEA4-5AE2ADBB780F.jpg
1Mq2VxAYEPZS5J8wDNzrC2DeT8wGH08X1	1oHpB5OxojdgVf1LYIIaN4bLIKEWzuvY3	9B01360D-C3A3-4735-8D55-A78EA35332D4.jpg
1Mq2VxAYEPZS5J8wDNzrC2DeT8wGH08X1	1rHAKgHOT4ou_WdfONdug_L4uJqtVeMSK	6F0A3F0F-321A-4D0A-A953-35ADC1DD1D55.jpg
1Mq2VxAYEPZS5J8wDNzrC2DeT8wGH08X1	1s9D7h69dyhzk7MAJj0E4yq6lvbu8n7hO	300333A5-D8FD-4E5E-97F5-B3A6C051ADE7.jpg
1Mq2VxAYEPZS5J8wDNzrC2DeT8wGH08X1	1rdaEd2ctlqPuIvGRwKxbbqUfReD4mc5w	36EDA069-B719-4AF7-B8DF-E2AE4500C0BE.jpg
1Mq2VxAYEPZS5J8wDNzrC2DeT8wGH08X1	1kEGBEN6dxR0of1fjaHHUIS7ZW7Js_waV	B35B5C8F-CABF-44F2-B23E-3B898DA330CB.jpg
1Mq2VxAYEPZS5J8wDNzrC2DeT8wGH08X1	1iDD4F1Mkvx_ZZM52jEj3Jo4WE134fiJ-	0333ED0F-A9A0-444A-8C2E-648FFA5803FB.jpg
1Mq2VxAYEPZS5J8wDNzrC2DeT8wGH08X1	1ASDX2PCmhHsvxJMCi76Ulgalk5CxWYgW	0140333D-F376-4724-9243-A304C7EE0162.jpg
1Mq2VxAYEPZS5J8wDNzrC2DeT8wGH08X1	1A6SdxJFESuc2ChWaYWpq_dIPGOCvyGji	4FE40016-773E-4FAE-9261-FC88A97A558F.jpg
1Mq2VxAYEPZS5J8wDNzrC2DeT8wGH08X1	1BZS6x2jzsLqo5I-Sn6awLoFPBDw12dE-	393F17FB-D944-46AD-82BF-FA54BF9C9BBE.jpg
1Mq2VxAYEPZS5J8wDNzrC2DeT8wGH08X1	1r8Yy0iAU66og7YEbY1v9hY9nN2Q_V7mT	6AE771BD-E351-4F01-99A9-7F401540AB7A.jpg
1Mq2VxAYEPZS5J8wDNzrC2DeT8wGH08X1	1oCn4LPhmnFmDlKuoY-oKMs-xgssIvEm5	269466F5-9E65-4F69-B46B-D0FFCA9AD8E5.jpg
1Mq2VxAYEPZS5J8wDNzrC2DeT8wGH08X1	1diOM_fhjhRSAlTOcaQzztKmAGoP7wNr9	0EA3C57D-CC85-45B5-A52B-7DA1CDD89233.jpg
1TQwVQDi57cHc0-OvEZydR3qd1H2pLkRE	1p5dDfliDk-jmYiaIrfaYD1c4_VOxb0pR	FA95EC7F-1211-45AA-97B9-F503AD49CAF1.jpg
1TQwVQDi57cHc0-OvEZydR3qd1H2pLkRE	1LKJK0rWebQUHjluQxWkYDLNIgZYZ7vWZ	EFC45748-E0F8-4C18-BD79-81769274ACC1.jpg
1TQwVQDi57cHc0-OvEZydR3qd1H2pLkRE	1zIuevQir4ZmCMO4sJDkFmgLQzRC-MV9-	D9BC83FE-15D1-47C4-9F18-5DE3DBA33FEF.jpg
1TQwVQDi57cHc0-OvEZydR3qd1H2pLkRE	1ZCmKkszi-_V8qAtkuza2PO6-flgckcAY	C270D844-91E9-492E-9DA7-9EFB3091C729.jpg
1TQwVQDi57cHc0-OvEZydR3qd1H2pLkRE	1uT3Tg1sAW8a_H8e_9pDlGFnxMM16prHR	C66A89AA-39EB-4F7A-9356-CD2AEECFC197.jpg
1TQwVQDi57cHc0-OvEZydR3qd1H2pLkRE	1DDhAzAMYl5LLQOOYCLkuXa8DtkaHjIIA	DB1C1AA1-1FB8-4323-B14C-6BD31EDB3227.jpg
1TQwVQDi57cHc0-OvEZydR3qd1H2pLkRE	1cNOHbn0ooADMr0y0haIijNIMPbwtuGby	A2F31D6E-51DE-4A12-AFFF-DACC1BD4402B.jpg
1TQwVQDi57cHc0-OvEZydR3qd1H2pLkRE	1yXv5vs9JxBG1QeMRZOeeMxhbV-GeTfKu	DC7AA3D8-C994-4986-AA4D-6FC11707CCF4.jpg
1TQwVQDi57cHc0-OvEZydR3qd1H2pLkRE	1iBeP7wMYTrE3882KsrypVm3haAhQmTBF	A23D5310-2A5A-48F5-8D3A-57133520E878.jpg
1TQwVQDi57cHc0-OvEZydR3qd1H2pLkRE	1tZ7IZF0eUHXSbBnNDsM574UpV3UIoRIt	7F82FB36-32EE-40B3-9C51-E71040FEBE65.jpg
1TQwVQDi57cHc0-OvEZydR3qd1H2pLkRE	1q0n-wMA4eytScxkZ0wjKQ8VfXccQNMxS	EE60E06E-0A43-43E9-9D34-72D6B076023A.jpg
1TQwVQDi57cHc0-OvEZydR3qd1H2pLkRE	12kNHhBAKhKQdVPSe2Du8PucUskBuciwT	8781BFD5-C49D-431B-9A43-7970E82B7D79.jpg
1TQwVQDi57cHc0-OvEZydR3qd1H2pLkRE	1ehbB2FaHKuFsCNAY-eB-ga26fqC6_dkc	8B04A5D7-A99A-405D-BA15-BA505D470C78.jpg
1TQwVQDi57cHc0-OvEZydR3qd1H2pLkRE	1WgHYdz-gRIpcTWBApG6LJU_P1x1QfAaJ	A694C844-04B5-419A-B68E-857AB53199F6.jpg
1TQwVQDi57cHc0-OvEZydR3qd1H2pLkRE	15-4HkL5sbajBpN4wBFW1Rz0hYA0jsghH	614D167A-03E8-4921-B32B-F71AEB659D22.jpg
1TQwVQDi57cHc0-OvEZydR3qd1H2pLkRE	1XbHg0qPz2yO8Cg6jFTiZxB97QXO6jDuV	87F6D6EA-BEDA-4973-AEC5-6E7FF73EF2AF.jpg
1TQwVQDi57cHc0-OvEZydR3qd1H2pLkRE	1QZJDILSurmP2EbxmGgfzAnaHM_2YLxNk	5B194078-D011-4751-9C65-9BF1AF201C02.jpg
1TQwVQDi57cHc0-OvEZydR3qd1H2pLkRE	1lYIDTJDS6Nh7-l_aSKDz3b4inEKuja_r	C8A0E21F-57FA-445D-8BE6-5BAB912331A3.jpg
1TQwVQDi57cHc0-OvEZydR3qd1H2pLkRE	1SFQXdi1RYh0D8DDr7kEhn4pBM2PeQY0t	6CD59685-E6CC-4896-ADC5-86E21AF43FE2.jpg
1TQwVQDi57cHc0-OvEZydR3qd1H2pLkRE	1kS3g9T7kDantpegsqDzBNWURmHJb58-_	7D44D0F5-2D1A-4E2E-823F-9EF8EA179FCD.jpg
1TQwVQDi57cHc0-OvEZydR3qd1H2pLkRE	15J21iirChNfM6aHaTZwm2s2WDFlVvjHU	992ED057-C1CF-4252-B0E5-D45CCCF4F0AC.jpg
1TQwVQDi57cHc0-OvEZydR3qd1H2pLkRE	1o-44oZD2YYJS24Rg04dysaWImueA9kjL	972B0EE3-51FD-47C4-B83F-45A7574F57C4.jpg
1TQwVQDi57cHc0-OvEZydR3qd1H2pLkRE	1-m80NLjZhySuHg9ea-TzX05A3_VNCYB3	B6D88D49-2F05-4CCF-873F-3BA148CEDEA2.jpg
1TQwVQDi57cHc0-OvEZydR3qd1H2pLkRE	1C8z1QmKb6bBbIfmj6YvBuCzSFU5hBOWs	84EACF09-E6DA-478D-A0B5-93C82630BEBF.jpg
1TQwVQDi57cHc0-OvEZydR3qd1H2pLkRE	16eIOlTVduNJXcMvJQ8VYA2pbjGPBPgKI	61CACC41-B4E1-4EC1-B52A-49C24F82BA53.jpg
1TQwVQDi57cHc0-OvEZydR3qd1H2pLkRE	1MShugJ1_X87KuIwqvC1swz8ch58Hnxw1	76C0467A-9FF1-4CD8-9F08-85A18D84D8C6.jpg
1TQwVQDi57cHc0-OvEZydR3qd1H2pLkRE	1alsPnFNUF4phik9HhIGlxaFyt5oqJJPh	2EDBB30C-7284-4B10-8B99-49F6FE1E23F5.jpg
1TQwVQDi57cHc0-OvEZydR3qd1H2pLkRE	1ILBgUgS-Y6kXPZtYhqMGxfuLtLWtKomj	A7C29A7B-331A-44E4-A0DF-C620A41ABD70.jpg
1TQwVQDi57cHc0-OvEZydR3qd1H2pLkRE	1xkSZhNQLEiouFwxWXQ4wc0zltKLLqVcN	3503BB47-1F43-459E-A115-74865190A1A4.jpg
1TQwVQDi57cHc0-OvEZydR3qd1H2pLkRE	1Voxfbkr86JfwbIWVquOh8iIwFAiEtL6t	9C67AEB6-4534-462B-911F-7682688DB235.jpg
1TQwVQDi57cHc0-OvEZydR3qd1H2pLkRE	1QiVevG-6VYdiXPV_Ps6CMtS1gySZqhDv	4A74064A-A6AB-4422-9EAE-B7C1D11B26E6.jpg
1TQwVQDi57cHc0-OvEZydR3qd1H2pLkRE	1YahylAPP3wXCghxryQybks5S_cQ11PlI	08E0029A-2B18-4875-BB79-AE1F445BDD9E.jpg
1TQwVQDi57cHc0-OvEZydR3qd1H2pLkRE	14mlgAjVKotCvX2Qv4a0UOEcOLA9BN6AM	4A54E36D-8822-4AF7-A58F-6D740D1A8D1D.jpg
1TQwVQDi57cHc0-OvEZydR3qd1H2pLkRE	1T9IM1rjJwhnMA_P9AiTtoqs7wU13EcTz	33E6744D-7F81-4DB1-BD44-9E73A4DF6B27.jpg
1TQwVQDi57cHc0-OvEZydR3qd1H2pLkRE	1VKNUecTI2VwVuoNbA2AD7X_itRXCMrQR	74CB45E6-A8FC-4D4E-BE15-15C00D6AF4F3.jpg
1TQwVQDi57cHc0-OvEZydR3qd1H2pLkRE	1athPCv3Uway24RNsnXsLmEUvuLJ0KytY	5FA8976D-8994-410F-9A15-34CB8A49B7AF.jpg
1TQwVQDi57cHc0-OvEZydR3qd1H2pLkRE	1tIJCn316lBOeKPIL3xkOxBPIXV7n4b7U	038ABDF4-D9FE-4751-BC77-0C41AE7A6455.jpg
1TQwVQDi57cHc0-OvEZydR3qd1H2pLkRE	1aVmQrQsbKWCwHB5QMfbhpQ3qlcusG9Dh	09E3C6E2-EE9F-4DBE-BC27-C9414757A1D1.jpg
1TQwVQDi57cHc0-OvEZydR3qd1H2pLkRE	10lEP4_PVzP9x27WTudoupN45LPmy6_Az	417F99C2-E79B-416D-B292-4550A11A5960.jpg
1TQwVQDi57cHc0-OvEZydR3qd1H2pLkRE	1PvzkiYlqVtP8mm9Z_XU3h5Kk7myyQuWI	46A11FC2-55B2-4FAE-878D-63C72C2D0863.jpg
1TQwVQDi57cHc0-OvEZydR3qd1H2pLkRE	1KRDtSRrmsu9SJHemBjwATbpjSAphlNwq	0F97FD42-5A64-4302-BA7C-82DA538762A9.jpg
1TQwVQDi57cHc0-OvEZydR3qd1H2pLkRE	1jHOg16WFPJgP5IrYC-g1-if04l3BGlTA	58038D63-6C7B-44EF-A9F0-00AD89FBEAF7.jpg
1TQwVQDi57cHc0-OvEZydR3qd1H2pLkRE	1UBTB_TXbPlEqQh-Tfh6yvTAeyESZ_1gh	40BFE427-6428-42CE-AD87-E241CF018A33.jpg
1TQwVQDi57cHc0-OvEZydR3qd1H2pLkRE	1gG-ylmRg3R6zZT7zR8zg4ZKksSFqL4jW	082B7608-3EEC-4C48-82BA-5443996D6002.jpg
1TQwVQDi57cHc0-OvEZydR3qd1H2pLkRE	1lQt3tTY8csZUI-f0d1Qzlvm7zwBpsHOm	18814532-CE04-497F-966E-B1132919BBCD.jpg
1TQwVQDi57cHc0-OvEZydR3qd1H2pLkRE	19_kpeNV6WrREpxwTqYPeW4qEgh4kuTjh	076648C5-82FA-4787-ACC2-B2E827C063B2.jpg
1TQwVQDi57cHc0-OvEZydR3qd1H2pLkRE	137tjfQE0pT2u9vWlciHb28WY85THpKlT	2D4E0A87-13C1-4F9E-8690-3440FD2CC88E.jpg
1TQwVQDi57cHc0-OvEZydR3qd1H2pLkRE	1Up5PH3OuYuxjqLP21lRYVI_4PhlNfl7p	026B0430-11E7-4EB7-8EBE-A72898AE2554.jpg
1TQwVQDi57cHc0-OvEZydR3qd1H2pLkRE	1Uv9B56HQtgZT6UVYvrvVK9PnllcDd9Ae	19EC671F-80A2-4118-AA41-6508AFAF991A.jpg
1TQwVQDi57cHc0-OvEZydR3qd1H2pLkRE	195BelFtd8Kgf8fQn2zOFtFAGkK2uBjsP	30408CC8-6705-4888-BB28-2B6CDD9DF274.jpg
1TQwVQDi57cHc0-OvEZydR3qd1H2pLkRE	18qfQF_oq7FOLblUGGVcOTHzgcNdsDfW8	0413F021-D724-498F-A6CC-BDFCDCBD8955.jpg
1TQwVQDi57cHc0-OvEZydR3qd1H2pLkRE	1U-uIyviIvYVlcX1tqnCK-S9bvSQudFXc	080F2255-30E3-4B73-919D-A18B7AFD84CA.jpg
1TQwVQDi57cHc0-OvEZydR3qd1H2pLkRE	1z6kxyWQUCnU0qvgEbMV3nAwIUw9Cupxc	09F2C7E8-6187-419A-A43C-0A326FE4896A.jpg
1TQwVQDi57cHc0-OvEZydR3qd1H2pLkRE	14bmMBdlG--cV1fxgHX1ceTjK1aYF2DMv	1246C3C9-1297-4A3B-B3D5-6A87F89C3CEE.jpg
1TQwVQDi57cHc0-OvEZydR3qd1H2pLkRE	1G8qtzSvhSdP7rSa48mo8mFeSsQCd2KS7	04CB765D-56C9-487B-AB98-2E0343DAED14.jpg
1NG2zcXdJ7TD7dwphpwJ4HsplJWjSaZY9	1-3_LWOL20CulKb0pExUxuO3AYXIYolHM	E9FF908A-BA15-4644-BC9F-0F88EFC132B8.jpg
1NG2zcXdJ7TD7dwphpwJ4HsplJWjSaZY9	1cpKZlem1g9Zha1ULEdeKbgsexpUWCR7V	FA73A7FC-C62E-478D-9693-8E58B241ADDB.jpg
1NG2zcXdJ7TD7dwphpwJ4HsplJWjSaZY9	1G3sjHWVLwPiYCPKtsTC1C9Et3bJdmX-r	A2285E22-7549-4E3C-834E-C88A8C224221.jpg
1NG2zcXdJ7TD7dwphpwJ4HsplJWjSaZY9	1EwR7SxSmgr_dqAbEonZkMYIwpK7MJO02	814A1420-B4F5-4517-9713-7833B5394B40.jpg
1NG2zcXdJ7TD7dwphpwJ4HsplJWjSaZY9	1Bx_lbE1fQgFNlIGsOgRVS0ArcN_FX1a_	CBE88E36-7C43-4562-ACAA-C8253FCEE490.jpg
1NG2zcXdJ7TD7dwphpwJ4HsplJWjSaZY9	1VQ9Ql0sEIEA2_TICbBmZPcXxlCSDYhho	C4EE9C82-27F2-4E89-AD8D-4C1BC63330EB.jpg
1NG2zcXdJ7TD7dwphpwJ4HsplJWjSaZY9	1n91KKKqe1XCgyT9JyF0SJ8Eb7QcuHjZE	779B2F43-068A-4664-B22D-9BFD036987B7.jpg
1NG2zcXdJ7TD7dwphpwJ4HsplJWjSaZY9	1-qEA0GgSmUxg5K1mUlXisTkAqslvc5vT	E8FB6DCA-056F-4261-8DEE-25BB32895CCD.jpg
1NG2zcXdJ7TD7dwphpwJ4HsplJWjSaZY9	1cNjQsYVEnCvpPC3sQ0wa35VCinfgqfIO	6BE73117-94A4-4109-AFB3-6D88197BCD2E.jpg
1NG2zcXdJ7TD7dwphpwJ4HsplJWjSaZY9	1rvIEXJNJecuL1SN2G6oCPUqdHCiCo0yg	53C450DF-B05B-41E6-A8A1-DC808F627733.jpg
1NG2zcXdJ7TD7dwphpwJ4HsplJWjSaZY9	1tEzcg-VAOMp6fvzXDgEn0IFdUtPRFAll	39B5AC64-DAA7-4FE9-96D1-534B0B6B29BD.jpg
1NG2zcXdJ7TD7dwphpwJ4HsplJWjSaZY9	1UVQYz9A9kSgCJ6sQ117Ji7ZlKwIakinq	510FF909-7F77-4EB9-8380-9EC84B4013B8.jpg
1NG2zcXdJ7TD7dwphpwJ4HsplJWjSaZY9	1JAE7lHIaAzdR3fK8QwKMfZE3F8uoKf1w	3FC94050-71A7-4C03-A470-5AB96AFFF40A.jpg
1NG2zcXdJ7TD7dwphpwJ4HsplJWjSaZY9	1FoCz13jpclLA1Vxr24_6SDeGB7QH0TjE	47E632C5-4EE4-4759-B532-01AD8B7FFA04.jpg
1NG2zcXdJ7TD7dwphpwJ4HsplJWjSaZY9	1Vm0GohBz6trtbBsTHTeEewOprvlduGP8	3D1A7889-6FF3-4034-B851-A66AC004B772.jpg
1NG2zcXdJ7TD7dwphpwJ4HsplJWjSaZY9	1PEkzKmf9-heKeg2YkLfOKZkQEGD4VTD2	4E4888A5-6FAD-4901-B3A9-F23708750461.jpg
1NG2zcXdJ7TD7dwphpwJ4HsplJWjSaZY9	1EXlPsB5h9GP7nK0amazIuX3kHoo6UL6w	4640A4D0-D45D-41E8-93DF-46227CE6AC22.jpg
1NG2zcXdJ7TD7dwphpwJ4HsplJWjSaZY9	19eEA1lCZ9Sa8T5cNBZe68qV7JyG253Vm	05E8E83A-CAD2-4251-B725-8880358273B8.jpg
1iSO0BmlYr9-g5KSyDDpQ5lLEu5O878Rp	1xnoF23j1Ew0V2qc1HzujYGWpDTacPfzp	797335F2-1E5E-40E8-BC75-544D10CE7C70.jpg
1iSO0BmlYr9-g5KSyDDpQ5lLEu5O878Rp	14xowpL6tc7H8GE2IqApMzPGw8gRd_yZ0	E6EA7EF1-B87F-4564-AB99-E79E670FE4EF.jpg
1iSO0BmlYr9-g5KSyDDpQ5lLEu5O878Rp	1TTWt93j_YVGkSn2OeF94uwccOnOzsr_L	6A15B79E-1704-45C9-90F3-1EE05DB3BC0A.jpg
1iSO0BmlYr9-g5KSyDDpQ5lLEu5O878Rp	13o0wnRExurigB0FOPEa-RJt5MO5UuSTM	551A2E79-56EF-41A2-9CAB-4A3B2B8A5893.jpg
1iSO0BmlYr9-g5KSyDDpQ5lLEu5O878Rp	18tIWwjMqU4piQj8UVxrvR_elPzO8kCJB	B3900E24-557F-4735-89B1-0CBA964D4764.jpg
1iSO0BmlYr9-g5KSyDDpQ5lLEu5O878Rp	17Jc2SDTw15s9wARGJjRYqDatp0TOEj6e	562B99E8-A10A-4EEA-B380-5E31FF1E4FA3.jpg
1iSO0BmlYr9-g5KSyDDpQ5lLEu5O878Rp	1Bbg2rBRqUYFXJ2iOWna17mVbDRhE4k_k	39382FA9-3844-451D-934F-90A6DAF6AACF.jpg
1iSO0BmlYr9-g5KSyDDpQ5lLEu5O878Rp	1wgWF83S1fFaa4uG58HAZGSXzdC_MB00L	513930FF-4BC3-45AB-A12B-7FF7FD393E06.jpg
1iSO0BmlYr9-g5KSyDDpQ5lLEu5O878Rp	1VwKfTXeHmqo4n0d8DTeY54BIwf6Yeti1	50B6F98D-F3D4-4799-8D02-7441B7FA3ACE.jpg
1iSO0BmlYr9-g5KSyDDpQ5lLEu5O878Rp	1uti1s1Fi_ZcoX8kGBte0ErHyOygdolDP	23E3C29C-6776-490B-90B1-E5056FCFA728.jpg
1L5bfXrmEN15qd9g8IKDxRpeotqy2LviT	1QnD-22LL55Zdegf6fB208QidDAvq2RNB	FBFDE3AE-B60E-4A9B-8B86-CD5EC9B3B491.jpg
1L5bfXrmEN15qd9g8IKDxRpeotqy2LviT	11MVVKZfNlu7oVuRIJyqGvJfdc2QITZRc	CFA0F00C-0D51-436F-B19E-1877B8904CC4.jpg
1L5bfXrmEN15qd9g8IKDxRpeotqy2LviT	1-5mDOePv18Jlzwwseyctw7dmXWXMBWCC	D9FFDD21-4831-4C64-914E-66DB4BFE3E86.jpg
1L5bfXrmEN15qd9g8IKDxRpeotqy2LviT	1FggGzCeGsH-J2Lti_VNT5uWOMws0cvL_	D7846D88-2C50-4CBA-82B7-231EB393CF4E.jpg
1L5bfXrmEN15qd9g8IKDxRpeotqy2LviT	1NpNsf6Ksf3GnFfh1Muh6KC9CjOmTYtuk	ABCF041C-26F3-429B-AAB8-E75DBEF5851B.jpg
1L5bfXrmEN15qd9g8IKDxRpeotqy2LviT	1vx0m_1RZ330in1v-MKE4bTaMx-YEL2xF	C402F50C-F943-4445-9DE3-3D3FC3333DA3.jpg
1L5bfXrmEN15qd9g8IKDxRpeotqy2LviT	1crVUDSQp3ZJUl7iWa39mHyWpN1sluJO3	6CF3E006-C023-46F8-989F-9C22F0DFB29B.jpg
1L5bfXrmEN15qd9g8IKDxRpeotqy2LviT	1kQ0i-oDp9feOtQOW4F1AJLIdn8AbB2Wa	71B6D4A5-816B-43DC-8071-90227557DECB.jpg
1L5bfXrmEN15qd9g8IKDxRpeotqy2LviT	1w2UTwxAFOdpT2a1D1J22XaDHJ2K5vtMM	340A9D5B-9682-4E49-A656-9F93AC0F251E.jpg
1L5bfXrmEN15qd9g8IKDxRpeotqy2LviT	1tCLZDkBoIqMG0MWeEh5-lKGVPw3QvW6p	576007DD-8EDC-44AE-8CFA-273AE280D474.jpg
1L5bfXrmEN15qd9g8IKDxRpeotqy2LviT	1-dUf0XPmn2CD98ZvO4Lot_brWQY3vTeP	A937D5C6-3BD2-401E-9383-CBBD081AAD45.jpg
1L5bfXrmEN15qd9g8IKDxRpeotqy2LviT	11UQXKF9H87FS0jg9InMUc1IdIDpVRR-j	8DA1A1DF-D823-46CB-A712-A80EA8FA7E15.jpg
1L5bfXrmEN15qd9g8IKDxRpeotqy2LviT	1t9MMk25gp-wK0DI0kXr_dGXoN5-O9ydy	2527E3AC-3717-4647-A87B-5E14C93BF82D.jpg
1L5bfXrmEN15qd9g8IKDxRpeotqy2LviT	1RTurItJflaengKp8175K6Ve_5J34DMVy	5AD8E423-1DEC-421B-B404-F00DA5F0708F.jpg
1L5bfXrmEN15qd9g8IKDxRpeotqy2LviT	1vQsnWZ-_ijTFoimXZMePRl8EkE0sTceW	0A1DDE41-5F30-4468-B19A-28D9681E4418.jpg
1L5bfXrmEN15qd9g8IKDxRpeotqy2LviT	1exndUGnHZWpzM8DPuFDMCym8RUl5UdO3	3912CF09-6E0C-43A4-97DF-70209FB8DD5E.jpg
1L5bfXrmEN15qd9g8IKDxRpeotqy2LviT	1VtFUW2K4lxCR6n9QHxMRobaw298_qbWw	6D9CB579-851D-4D41-86A6-6FD4F7FFDBB1.jpg
1L5bfXrmEN15qd9g8IKDxRpeotqy2LviT	1E3jUjcN-z5fUI_7yqCDIG8YYyKcgOjOW	37B7BCE0-13DF-48C0-84E4-74BC65196D63.jpg
1L5bfXrmEN15qd9g8IKDxRpeotqy2LviT	1FWmK1dlN_pRUdqL3tMPLAyl2pO6g-v36	252CDE73-92C4-469F-B718-677CF71DB897.jpg
1L5bfXrmEN15qd9g8IKDxRpeotqy2LviT	1mYlzJM6zKxon1wEak4n1SgfKJzhLT0ch	1AF6C407-D552-4467-9479-777F6AC13084.jpg
1L5bfXrmEN15qd9g8IKDxRpeotqy2LviT	1J-WmYBdVcDlDkWQCBx5EGndg5mHBRIeN	29884E0C-29A3-4F8F-9D71-DF6FF812581F.jpg
1L5bfXrmEN15qd9g8IKDxRpeotqy2LviT	1AbJjwJEhVATYqY-2F-Gn2xuY2iKSQsqK	1923AF1A-B15F-4D08-9DC2-1C0D345B32D5.jpg
1L5bfXrmEN15qd9g8IKDxRpeotqy2LviT	1uHjZSww8Paiota5sg24G78ZbhHOBTx5v	05B309CC-9D4C-4DAA-986A-58E130423438.jpg
1fFnrrxaM54DnOlSC_XDKiRnCsGiy9jyJ	1eJu4i24bQ5FjUmK0bTXS3ONo9dvHokwd	EDCFAC46-C7E0-4D71-B0EA-6528C2A3C3A5.jpg
1fFnrrxaM54DnOlSC_XDKiRnCsGiy9jyJ	1aGu03aJk9jb4iSg154h-eD8G2Ll3jiVi	BD1079E8-392B-43CC-96CF-C984F9272CD9.jpg
1fFnrrxaM54DnOlSC_XDKiRnCsGiy9jyJ	1U-FRhTz0hWcy3vcwZcg5nsGvlJ3IH49v	BB491E3B-B761-49EC-93D2-481B2BC0D5C2.jpg
1fFnrrxaM54DnOlSC_XDKiRnCsGiy9jyJ	1bqL9aJsw0vBDrQJlE-GcDSR-SnYnsAu8	D53CAD46-2336-4B64-92CD-599645E354B7.jpg
1fFnrrxaM54DnOlSC_XDKiRnCsGiy9jyJ	1-8061RKOgYC3TmlLKZneQ9P52_1mH6MM	BA6C3BC8-92D3-4984-8AC2-26018900B3AD.jpg
1fFnrrxaM54DnOlSC_XDKiRnCsGiy9jyJ	1b9mWwyJJWTAuB_AGLOVK-VKfUneGe3yJ	EC91C637-ABD1-490B-A9B9-9AED1ACF82AC.jpg
1fFnrrxaM54DnOlSC_XDKiRnCsGiy9jyJ	12FeJboAaeDUYZwyfXYpmg8as2KLOJznr	89A51D80-A4FB-4895-A28E-2E5A5848EE46.jpg
1fFnrrxaM54DnOlSC_XDKiRnCsGiy9jyJ	1jHRRRpN5jCnEjXBXeSVgl7pfG4IIX_LX	9C621AE4-F4E3-43C3-B3AC-3A6BE28E8961.jpg
1fFnrrxaM54DnOlSC_XDKiRnCsGiy9jyJ	1APmetSmRR_17H4gRlY1Q9DYLc34hviih	B26329B7-B3A7-463A-85A2-906A96DF79E5.jpg
1fFnrrxaM54DnOlSC_XDKiRnCsGiy9jyJ	128o3BX9OoJBgU9qdIABpOZ6kinEbL7J1	A67675FF-880C-47B6-9791-AA68F96B424A.jpg
1fFnrrxaM54DnOlSC_XDKiRnCsGiy9jyJ	1I0vKJr_O2UM9Olfm66NRtrkJltxPq71h	B892F227-5B4D-40F4-907C-8559F1C185F7.jpg
1fFnrrxaM54DnOlSC_XDKiRnCsGiy9jyJ	1SaZs4SLz87TxGS39yOZ0-gLs7S4vN90h	B37CFB70-47D8-4A0F-B837-E7249FF26E70.jpg
1fFnrrxaM54DnOlSC_XDKiRnCsGiy9jyJ	19dHwvM3veocpbFVz9i3wN0fkT5C5cWfC	A110EB83-A86A-4A51-9E73-7346A11FE178.jpg
1fFnrrxaM54DnOlSC_XDKiRnCsGiy9jyJ	1GP0Qe1h1jf36vmrjTtwJH9vAa-mH4DY2	47BAA275-63CD-4D02-B120-5F081F143E57.jpg
1fFnrrxaM54DnOlSC_XDKiRnCsGiy9jyJ	1rfMIpSj7xqEZA8OB__SWNttuoClw-7Ub	130EBCD1-A867-4FBC-8D1F-4E219EC6B724.jpg
1fFnrrxaM54DnOlSC_XDKiRnCsGiy9jyJ	1oA8QcPKgN0lI5rPuYCkwt5jBA-10hx2V	35D043C7-05BD-4C0D-BCE5-808AECF08B8D.jpg
1fFnrrxaM54DnOlSC_XDKiRnCsGiy9jyJ	1jPb4IzqFH_5jDxZ-ZPJ2wxsbCIqtEy5v	7706870D-F435-4608-9F90-85213145DAB0.jpg
1fFnrrxaM54DnOlSC_XDKiRnCsGiy9jyJ	17UURTDFu9Q75JGuCnztgng9BVEDPa3pj	86078EB6-8966-4117-8935-4BECD8017DBA.jpg
1fFnrrxaM54DnOlSC_XDKiRnCsGiy9jyJ	1acLIv4fc2HSPL0srlvaZLD6YK7PKHKuG	7B95605E-51DF-4BC3-B046-CED5A3F2328F.jpg
1fFnrrxaM54DnOlSC_XDKiRnCsGiy9jyJ	1-_7ezNZVK5zCQ0gaUwIv2WgrbG3A3S_l	7EB47E19-0D39-4CDF-B63D-0A2C1F60AC2F.jpg
1fFnrrxaM54DnOlSC_XDKiRnCsGiy9jyJ	1IkjtIljFl1JGPLQSkcc59aczN6ET11fM	71CFADC9-3744-4C93-BDCF-3572321E7140.jpg
1fFnrrxaM54DnOlSC_XDKiRnCsGiy9jyJ	1l4Sx2L2fvs_9DXOR-APve7xZoMaQe5kS	15971E5B-AABE-4470-9BE5-D2BD4DE4B1A2.jpg
1fFnrrxaM54DnOlSC_XDKiRnCsGiy9jyJ	1Lcwtn_UL6UN4gAi8vLK-NDBfkXuyl317	0DD846C6-E497-47B9-B649-655099CD9657.jpg
1fFnrrxaM54DnOlSC_XDKiRnCsGiy9jyJ	1cQPo7lk985fdgY1Bbdc6etew7U8gdbPZ	7B002DBB-C488-4AFC-8C33-6281A253BBF5.jpg
1fFnrrxaM54DnOlSC_XDKiRnCsGiy9jyJ	17OrokD8Fr6QGKYXxeCCiqew_WwNnYgd2	2C149187-02D6-4D0E-BADA-B423D7695C99.jpg
1fFnrrxaM54DnOlSC_XDKiRnCsGiy9jyJ	1wxyYslAKlVhbhGaCs1Pw7uWq1PR-5mWq	061F7E93-70FB-456A-84D4-D9F2D3359BAE.jpg
1fFnrrxaM54DnOlSC_XDKiRnCsGiy9jyJ	11kX1JD5clquSagUg2FPiUGqcwz13mlAJ	1249166C-86E1-48BF-9706-8DF1D88FAEE7.jpg
1Q4S9YVNgucJp-G2Wff2wwDguZ8-vj_5h	1h38jpgRPR8aZgpiRXbPYPVn_wKJeI88_	R_IMG_3609.jpg
1Q4S9YVNgucJp-G2Wff2wwDguZ8-vj_5h	1LXgWirpqPQNTRcHwluW6Yp1m2jAAu_7V	R_IMG_3608.jpg
1Q4S9YVNgucJp-G2Wff2wwDguZ8-vj_5h	10uK15zJmZdVxmqUxR5qYR691BBVTzt7_	sm1_83236_2dd00e77-0685-465a-8471-5faa6c68ec4e.jpg
1Q4S9YVNgucJp-G2Wff2wwDguZ8-vj_5h	1r0uqnjEUkCkip1YdqOiJLWwXiZgbteQn	R_IMG_3606.jpg
1Q4S9YVNgucJp-G2Wff2wwDguZ8-vj_5h	1j6Iun5-NSic2nhjozupYH6oKgT7FZeh0	sm1_83235.jpg
1Q4S9YVNgucJp-G2Wff2wwDguZ8-vj_5h	1hSJYcTHDz30Jfmk5o3N5NEvfTbbkGG8d	R_IMG_3539.jpg
1Q4S9YVNgucJp-G2Wff2wwDguZ8-vj_5h	1iMFvCL8ZmdGB3qa_LUZfPAq9skMaC0Jl	sm1_83227.jpg
1Q4S9YVNgucJp-G2Wff2wwDguZ8-vj_5h	18MC-8e1RFDv9GgVhx6VpfASzyLJHsR0l	R_IMG_3538.jpg
1Q4S9YVNgucJp-G2Wff2wwDguZ8-vj_5h	1owQu-4C8_s61ILk9lRcRvckG7BUb6hal	sm1_83234.jpg
1Q4S9YVNgucJp-G2Wff2wwDguZ8-vj_5h	165NC1fkZSsz4DQiz-tv0-EIbOnRU6Q6e	R_IMG_3607.jpg
1Q4S9YVNgucJp-G2Wff2wwDguZ8-vj_5h	12C85wabkHpt0h1c6MYQ0GcvwYbeCInlO	sm1_83226.jpg
1Q4S9YVNgucJp-G2Wff2wwDguZ8-vj_5h	1zVtAsGu8km5UszqVVtayLv24gw5VPZqF	R_IMG_3519.jpg
1Q4S9YVNgucJp-G2Wff2wwDguZ8-vj_5h	1ekLXAY9YQnBQSJOtg99yiJUPegIatwge	sm1_83225.jpg
1Q4S9YVNgucJp-G2Wff2wwDguZ8-vj_5h	1wlk1kXipUHpOCqXgDBnqzsVSidKbuXGR	R_IMG_3514.jpg
1Q4S9YVNgucJp-G2Wff2wwDguZ8-vj_5h	1crxZNmpuyxRPxdVIlE4Iuc12E9-N3H4O	R_IMG_3535.jpg
1Q4S9YVNgucJp-G2Wff2wwDguZ8-vj_5h	1u5jSySVIMHGhcm0LEB0GD7aWDQXpbGRJ	R_IMG_3512.jpg
1Q4S9YVNgucJp-G2Wff2wwDguZ8-vj_5h	1-ZgJfFMHcJKG6lpZdODKXmFT-gd87LDB	R_IMG_3516.jpg
1Q4S9YVNgucJp-G2Wff2wwDguZ8-vj_5h	1qKQmNnZsDaPXxCz37vyuTilOfUyjE4zg	R_IMG_3511.jpg
1Q4S9YVNgucJp-G2Wff2wwDguZ8-vj_5h	15xEpRAsEOzZrq9Ssa-Q4hOU0ALFvfmzw	R_IMG_3488.jpg
1Q4S9YVNgucJp-G2Wff2wwDguZ8-vj_5h	1YBC7r8WRjVltyKpfIB8bFPBbfawtzyXH	R_IMG_3487.jpg
1Q4S9YVNgucJp-G2Wff2wwDguZ8-vj_5h	17SD_fDKcp5zbc3Ytu1FRq0FFaEtETSin	R_IMG_3490.jpg
1Q4S9YVNgucJp-G2Wff2wwDguZ8-vj_5h	19ITOFmXeGeqKxPPBcYLt9CB7Z_wkT07s	R_IMG_3484.jpg
1mG5RHIdsVOtnNHPhY3fkhdn-8EfxUkMl	1lbWHzqkurO-q_KnQsVQi5tJAvg3sbB3i	R_IMG_3615.jpg
1mG5RHIdsVOtnNHPhY3fkhdn-8EfxUkMl	1Dw7OuZov4ul4D49uplJ61ZVKgeDWlrRk	R_IMG_3613.jpg
1mG5RHIdsVOtnNHPhY3fkhdn-8EfxUkMl	1goUSdkg4ESGDulsBWtEc9iFUqyPtAa8v	sm1_83242.jpg
1mG5RHIdsVOtnNHPhY3fkhdn-8EfxUkMl	1nhK9-BF8lIs-aqatpioeXx9XZg5iRCVz	R_IMG_3611.jpg
1mG5RHIdsVOtnNHPhY3fkhdn-8EfxUkMl	13b_Kn3pjtu97Qcsgx8CraJIHw5qQS4-J	R_IMG_3610.jpg
1mG5RHIdsVOtnNHPhY3fkhdn-8EfxUkMl	1mruQ3pkFoxYfE3T2HOY5v_WAmAg3TkTN	sm1_83240.jpg
1mG5RHIdsVOtnNHPhY3fkhdn-8EfxUkMl	1A0CE1PyHU6ckiEY7wxJOfKQW23auhaA3	R_IMG_3551.jpg
1mG5RHIdsVOtnNHPhY3fkhdn-8EfxUkMl	13h9am4XmNJvMcYqgEBdAGpJz2PJE3Naz	sm1_83236.jpg
1mG5RHIdsVOtnNHPhY3fkhdn-8EfxUkMl	1fM-RpnKn-1o2YwkyXaNjcr5OQ55EUUip	sm1_83239.jpg
1mG5RHIdsVOtnNHPhY3fkhdn-8EfxUkMl	1_uRrLiTRFFJDa3Q4vn4H2mq90lZTRO0B	R_IMG_3550.jpg
1mG5RHIdsVOtnNHPhY3fkhdn-8EfxUkMl	1fCwuZTJENMf4LEQl0dgXy-uFFtTOvnzj	sm1_83230.jpg
1mG5RHIdsVOtnNHPhY3fkhdn-8EfxUkMl	1xki5TpwhO2xS5Ka42u-ydzfM1RwvNUgy	R_IMG_3612.jpg
1mG5RHIdsVOtnNHPhY3fkhdn-8EfxUkMl	1_dUGtqOf342S_3XPUKhnnP8pIaOyUZlt	sm1_83229.jpg
1mG5RHIdsVOtnNHPhY3fkhdn-8EfxUkMl	1swabzKplWcIZCsL-sWJcjDOz1VDzq_bd	R_IMG_3544.jpg
1mG5RHIdsVOtnNHPhY3fkhdn-8EfxUkMl	1Ti9bZU1_KJcBY-gUT3GJmWs8hhznsNYF	R_IMG_3510.jpg
1mG5RHIdsVOtnNHPhY3fkhdn-8EfxUkMl	1tn51RKZK1dTIsz30Zq2bYKFYoYMwjroU	R_IMG_3548.jpg
1mG5RHIdsVOtnNHPhY3fkhdn-8EfxUkMl	1JOUpyfBCPkVaSovcPzOGFq6qJ3h591Hk	R_IMG_3500.jpg
1mG5RHIdsVOtnNHPhY3fkhdn-8EfxUkMl	1MhpT34LaBkpoNv8n_R3hb51_14HTNATP	R_IMG_3508.jpg
1mG5RHIdsVOtnNHPhY3fkhdn-8EfxUkMl	1mJtMBJlcvwXoI7UcAlx3__MOq32_8VN3	R_IMG_3496.jpg
1mG5RHIdsVOtnNHPhY3fkhdn-8EfxUkMl	1jloXDMkz11VIEoED9uv6IvFJUk18Zldq	R_IMG_3506.jpg
1mG5RHIdsVOtnNHPhY3fkhdn-8EfxUkMl	1eyWlEUXYCCErfLhBqH7mQySLlXuYiY5S	R_IMG_3509.jpg
1mG5RHIdsVOtnNHPhY3fkhdn-8EfxUkMl	1qY3ebwo9eDHlwYHOv0R6Y1Ku9zTriiUG	R_IMG_3502.jpg
1mG5RHIdsVOtnNHPhY3fkhdn-8EfxUkMl	1UiYANVu8xc7IEJ5QCn1-7v8eU4hkm09L	R_IMG_3492.jpg
1mG5RHIdsVOtnNHPhY3fkhdn-8EfxUkMl	1whNc-CN_CxG74iSGKND5r1EjaX3nncZz	R_IMG_34912.jpg
1mG5RHIdsVOtnNHPhY3fkhdn-8EfxUkMl	1wFMQQhl-pDKK8utyuqpbGSI5A8jIcaD0	R_IMG_3494.jpg
