商品ID,商品名,商品コード,サイズ,倉庫,配送可在庫数,総数,出荷依頼中数,補充アラート
RV551-I000224,段ボール保管(JURK POPUP戻り③),,120,NGO3,1,1,0,
RV551-I000223,段ボール保管(JURK POPUP戻り②),,140,NGO3,1,1,0,
RV551-I000222,段ボール保管(JURK POPUP戻り①),,140,NGO3,1,1,0,
RV551-I000221,Playing Dog Sweat（アダルト・ユニセックス）【グリーン / L】,,―,,,,,
RV551-I000220,Playing Dog Sweat（アダルト・ユニセックス）【グリーン / M】,,―,,,,,
RV551-I000219,Playing Dog Sweat（アダルト・ユニセックス）【ホワイト / L】,,―,,,,,
RV551-I000218,段ボール保管(キッズ・ドッグ),,150,NGO3,1,1,0,
RV551-I000217,【受注生産】 Eat up your dinner Sweat【ブラウン / L】,,―,,,,,
RV551-I000216,【受注生産】 Eat up your dinner Sweat【ブラウン / M】,,―,,,,,
RV551-I000215,【受注生産】 Eat up your dinner Sweat【ネイビー / L】,,―,,,,,
RV551-I000214,【受注生産】 Eat up your dinner Sweat【ネイビー / M】,,―,,,,,
RV551-I000213,【受注生産】 Eat up your dinner Sweat【サックス / L】,,―,,,,,
RV551-I000212,【受注生産】 Eat up your dinner Sweat【サックス / M】,,―,,,,,
RV551-I000211,【受注生産】 Eat up your dinner Sweat【杢グレー / L】,,―,,,,,
RV551-I000210,【受注生産】 Eat up your dinner Sweat【杢グレー / M】,,―,,,,,
RV551-I000209,【受注生産】 Eat up your dinner Sweat【ブラック / L】,,―,,,,,
RV551-I000208,【受注生産】 Eat up your dinner Sweat【ブラック / M】,,―,,,,,
RV551-I000207,Sumif×The TENT Drawstring Bag 第二弾【オリーブ】,eu22-tentbag-olv,―,,,,,
RV551-I000206,Sumif×The TENT Drawstring Bag 第二弾【チャコール】,eu22-tentbag-cha2,―,,,,,
RV551-I000205,【受注生産】 Let's Play Long Sleeve Tee【ブラウン / L】,,―,,,,,
RV551-I000204,【受注生産】 Let's Play Long Sleeve Tee【ブラウン / M】,,―,,,,,
RV551-I000203,【受注生産】 Let's Play Long Sleeve Tee【杢グレー / L】,,―,,,,,
RV551-I000202,【受注生産】 Let's Play Long Sleeve Tee【ブラック / L】,,―,,,,,
RV551-I000201,【受注生産】 Let's Play Long Sleeve Tee【ブラック / M】,,―,,,,,
RV551-I000200,【受注生産】 Let's Play Long Sleeve Tee【ホワイト / L】,,―,,,,,
RV551-I000199,【受注生産】 Let's Play Long Sleeve Tee【ホワイト / M】,,―,,,,,
RV551-I000198,【受注生産】 Let's Play Sweat For Dog【ボルドー / L】,,―,,,,,
RV551-I000197,【受注生産】 Let's Play Sweat For Dog【ボルドー / XS】,,―,,,,,
RV551-I000196,【受注生産】 Let's Play Sweat For Dog【ブラウン / L】,,―,,,,,
RV551-I000195,【受注生産】 Let's Play Sweat For Dog【ブラウン / XS】,,―,,,,,
RV551-I000194,【受注生産】 Let's Play Sweat For Dog【ネイビー / L】,,―,,,,,
RV551-I000193,【受注生産】 Let's Play Sweat For Dog【ネイビー / S】,,―,,,,,
RV551-I000192,【受注生産】 Let's Play Sweat For Dog【ネイビー / XS】,,―,,,,,
RV551-I000191,【受注生産】 Let's Play Sweat For Dog【杢グレー / XL】,,―,,,,,
RV551-I000190,【受注生産】 Let's Play Sweat For Dog【杢グレー / M】,,―,,,,,
RV551-I000189,【受注生産】 Let's Play Sweat For Dog【杢グレー / S】,,―,,,,,
RV551-I000188,【受注生産】 Let's Play Sweat For Dog【杢グレー / XS】,,―,,,,,
RV551-I000187,【受注生産】 Let's Play Sweat For Dog【ブラック / S】,,―,,,,,
RV551-I000186,【受注生産】 Let's Play Sweat For Dog【ブラック / XS】,,―,,,,,
RV551-I000185,【受注生産】 Let's Play Sweat For Dog【ボルドー / XL】,,―,,,,,
RV551-I000184,【受注生産】 Let's Play Sweat For Dog【ボルドー / M】,,―,,,,,
RV551-I000183,【受注生産】 Let's Play Sweat For Dog【ボルドー / S】,,―,,,,,
RV551-I000182,【受注生産】 Let's Play Long Sleeve Tee【杢グレー / M】,,―,,,,,
RV551-I000181,【受注生産】 Let's Play Sweat For Dog【ブラウン / XL】,,―,,,,,
RV551-I000180,【受注生産】 Let's Play Sweat For Dog【ブラウン / M】,,―,,,,,
RV551-I000179,【受注生産】 Let's Play Sweat For Dog【ブラウン / S】,,―,,,,,
RV551-I000178,【受注生産】 Let's Play Sweat For Dog【ネイビー / XL】,,―,,,,,
RV551-I000177,【受注生産】 Let's Play Sweat For Dog【ブラック / XL】,,―,,,,,
RV551-I000176,【受注生産】 Let's Play Sweat For Dog【ネイビー / M】,,―,,,,,
RV551-I000175,【受注生産】 Let's Play Sweat For Dog【杢グレー / L】,,―,,,,,
RV551-I000174,【受注生産】 Let's Play Sweat For Dog【ブラック / L】,,―,,,,,
RV551-I000173,【受注生産】 Let's Play Sweat For Dog【ブラック / M】,,―,,,,,
RV551-I000169,段ボール保管(ドッグ),,120,NGO3,1,1,0,
RV551-I000168,段ボール保管(キッズ),,150,NGO3,1,1,0,
RV551-I000165,ショップカード,shopcard,―,NGO3,148,148,0,
RV551-I000164,Sumif×TheTENT British Dogs マルチマット,eu22-Z131,80,NGO3,2,2,0,
RV551-I000163,RinTinTin Short Sleeve Tee For Kids（キッズ）【130 / スミクロ】,eu22-K106-130-blk,SS,NGO3,3,3,0,
RV551-I000162,Flanders Tank Top For Dog（ドッグ）【XS / オフホワイト】,eu22-D111-XS-off,60,NGO3,7,7,0,
RV551-I000161,Playing Dog Sweat For Dog（ドッグ）【XS / グリーン】,eu22-D121-XS-grn,SS,NGO3,0,0,0,
RV551-I000159,RinTinTin Short Sleeve Tee For Kids（キッズ）【110 / オフホワイト】,eu22-K106-110-off,SS,NGO3,8,8,0,
RV551-I000156,British Dogs Long Sleeve Tee（アダルト・ユニセックス）【L / オフホワイト】,eu22-A100-L-off,SS,NGO3,15,15,0,
RV551-I000155,British Dogs Long Sleeve Tee For Kids（キッズ）【130 / スミクロ】,eu22-K104-130-blk,SS,NGO3,1,1,0,
RV551-I000154,British Dogs Long Sleeve Tee For Kids（キッズ）【120 / スミクロ】,eu22-K104-120-blk,SS,NGO3,9,9,0,
RV551-I000153,British Dogs Long Sleeve Tee For Kids（キッズ）【130 / オフホワイト】,eu22-K104-130-off,SS,NGO3,5,5,0,
RV551-I000152,British Dogs Long Sleeve Tee For Kids（キッズ）【110 / スミクロ】,eu22-K104-110-blk,SS,NGO3,7,7,0,
RV551-I000151,British Dogs Long Sleeve Tee For Kids（キッズ）【120 / オフホワイト】,eu22-K104-120-off,SS,NGO3,9,9,0,
RV551-I000150,Brittany Spaniel Short Sleeve Tee(アダルト-ユニセックス)【L / グリーン】,eu22-A103-L-grn,SS,NGO3,11,11,0,2
RV551-I000149,Brittany Spaniel Short Sleeve Tee(アダルト-ユニセックス)【L / スミクロ】,eu22-A103-L-blk,SS,NGO3,7,7,0,2
RV551-I000148,Brittany Spaniel Short Sleeve Tee(アダルト-ユニセックス)【L / ピンク】,eu22-A103-L-pin,60,NGO3,15,15,0,
RV551-I000147,Brittany Spaniel Short Sleeve Tee(アダルト-ユニセックス)【L / オフホワイト】,eu22-A103-L-off,SS,NGO3,14,14,0,
RV551-I000146,Brittany Spaniel Short Sleeve Tee(アダルト-ユニセックス)【M / グリーン】,eu22-A103-M-grn,SS,NGO3,9,9,0,
RV551-I000145,Brittany Spaniel Short Sleeve Tee(アダルト-ユニセックス)【M / スミクロ】,eu22-A103-M-blk,SS,NGO3,6,6,0,
RV551-I000144,Brittany Spaniel Short Sleeve Tee(アダルト-ユニセックス)【M / ピンク】,eu22-A103-M-pin,SS,NGO3,8,8,0,
RV551-I000143,Brittany Spaniel Short Tank Top For Dog（ドッグ）【L / グリーン】,eu22-D109-L-grn,SS,NGO3,0,0,0,
RV551-I000142,Brittany Spaniel Short Tank Top For Dog（ドッグ）【L / スミクロ】,eu22-D109-L-blk,60,NGO3,4,4,0,
RV551-I000141,Brittany Spaniel Short Tank Top For Dog（ドッグ）【L / ピンク】,eu22-D109-L-pin,SS,NGO3,0,0,0,
RV551-I000140,Brittany Spaniel Short Tank Top For Dog（ドッグ）【M / グリーン】,eu22-D109-M-grn,SS,NGO3,8,8,0,
RV551-I000139,Brittany Spaniel Short Tank Top For Dog（ドッグ）【L / オフホワイト】,eu22-D109-L-off,SS,NGO3,4,4,0,
RV551-I000138,Brittany Spaniel Short Tank Top For Dog（ドッグ）【M / スミクロ】,eu22-D109-M-blk,SS,NGO3,8,8,0,
RV551-I000137,Brittany Spaniel Short Tank Top For Dog（ドッグ）【M / ピンク】,eu22-D109-M-pin,SS,NGO3,4,4,0,
RV551-I000136,Brittany Spaniel Short Tank Top For Dog（ドッグ）【S / グリーン】,eu22-D109-S-grn,SS,NGO3,8,8,0,
RV551-I000135,Brittany Spaniel Short Tank Top For Dog（ドッグ）【M / オフホワイト】,eu22-D109-M-off,SS,NGO3,10,10,0,
RV551-I000134,Brittany Spaniel Short Tank Top For Dog（ドッグ）【S / スミクロ】,eu22-D109-S-blk,SS,NGO3,7,7,0,
RV551-I000133,Brittany Spaniel Short Tank Top For Dog（ドッグ）【S / ピンク】,eu22-D109-S-pin,SS,NGO3,6,6,0,
RV551-I000132,Brittany Spaniel Short Tank Top For Dog（ドッグ）【XS / グリーン】,eu22-D109-XS-grn,SS,NGO3,3,3,0,
RV551-I000131,Brittany Spaniel Short Tank Top For Dog（ドッグ）【S / オフホワイト】,eu22-D109-S-off,SS,NGO3,12,12,0,
RV551-I000130,Brittany Spaniel Short Tank Top For Dog（ドッグ）【XS / スミクロ】,eu22-D109-XS-blk,60,NGO3,1,1,0,
RV551-I000129,Brittany Spaniel Short Tank Top For Dog（ドッグ）【XS / ピンク】,eu22-D109-XS-pin,SS,NGO3,1,1,0,
RV551-I000128,Flanders Long Sleeve Tee For Kids（キッズ）【130 / スミクロ】,eu22-K105-130-blk,SS,NGO3,5,5,0,
RV551-I000127,Flanders Long Sleeve Tee For Kids（キッズ）【130 / ピンク】,eu22-K105-130-pin,SS,NGO3,4,4,0,
RV551-I000126,Flanders Long Sleeve Tee For Kids（キッズ）【130 / オフホワイト】,eu22-K105-130-off,SS,NGO3,2,2,0,
RV551-I000125,Flanders Long Sleeve Tee For Kids（キッズ）【120 / ピンク】,eu22-K105-120-pin,SS,NGO3,4,4,0,
RV551-I000124,Flanders Long Sleeve Tee For Kids（キッズ）【120 / オフホワイト】,eu22-K105-120-off,SS,NGO3,2,2,0,
RV551-I000123,Flanders Long Sleeve Tee For Kids（キッズ）【120 / スミクロ】,eu22-K105-120-blk,SS,NGO3,7,7,0,
RV551-I000122,Flanders Long Sleeve Tee For Kids（キッズ）【110 / スミクロ】,eu22-K105-110-blk,SS,NGO3,8,8,0,
RV551-I000121,Flanders Long Sleeve Tee For Kids（キッズ）【110 / ピンク】,eu22-K105-110-pin,SS,NGO3,10,10,0,
RV551-I000120,Flanders Long Sleeve Tee（アダルト・ユニセックス）【Ｌ / ピンク】,eu22-A101-L-pin,SS,NGO3,10,10,0,
RV551-I000118,Flanders Long Sleeve Tee（アダルト・ユニセックス）【Ｌ / オフホワイト】,eu22-A101-L-off,SS,NGO3,2,2,0,
RV551-I000117,Flanders Long Sleeve Tee（アダルト・ユニセックス）【M / スミクロ】,eu22-A101-M-blk,SS,NGO3,1,1,0,
RV551-I000116,Flanders Long Sleeve Tee（アダルト・ユニセックス）【M / ピンク】,eu22-A101-M-pin,SS,NGO3,1,1,0,
RV551-I000115,Flanders Shirts For Dog（ドッグ）【L / テラコッタ】,eu22-D117-L-tera,―,,,,,
RV551-I000114,Flanders Shirts For Dog（ドッグ）【M / テラコッタ】,eu22-D117-M-tera,SS,NGO3,7,7,0,
RV551-I000113,Flanders Shirts For Dog（ドッグ）【S / テラコッタ】,eu22-D117-S-tera,SS,NGO3,15,15,0,
RV551-I000112,Flanders Short Sleeve Shirts（アダルト・ユニセックス）【L / テラコッタ】,eu22-A113-L-tera,80,NGO3,24,24,0,
RV551-I000111,Flanders Tank Top For Dog（ドッグ）【L / ピンク】,eu22-D111-L-pin,60,NGO3,4,4,0,
RV551-I000109,Flanders Tank Top For Dog（ドッグ）【L / オフホワイト】,eu22-D111-L-off,60,NGO3,2,2,0,
RV551-I000108,Flanders Tank Top For Dog（ドッグ）【M / スミクロ】,eu22-D111-M-blk,SS,NGO3,1,1,0,
RV551-I000107,Flanders Tank Top For Dog（ドッグ）【M / ピンク】,eu22-D111-M-pin,SS,NGO3,2,2,0,
RV551-I000105,Flanders Tank Top For Dog（ドッグ）【S / オフホワイト】,eu22-D111-S-off,60,NGO3,5,5,0,
RV551-I000104,Flanders Tank Top For Dog（ドッグ）【S / スミクロ】,eu22-D111-S-blk,60,NGO3,4,4,0,
RV551-I000103,Flanders Tank Top For Dog（ドッグ）【XS / スミクロ】,eu22-D111-XS-blk,SS,NGO3,8,8,0,
RV551-I000102,Flanders Tank Top For Dog（ドッグ）【XS / ピンク】,eu22-D111-XS-pin,60,NGO3,5,5,0,
RV551-I000100,Playing Dog Sweat For Dog（ドッグ）【M / ブラック】,eu22-D121-M-blk,SS,NGO3,3,3,0,
RV551-I000099,Playing Dog Sweat For Dog（ドッグ）【L / グリーン】,eu22-D121-L-grn,―,,,,,
RV551-I000098,Playing Dog Sweat For Dog（ドッグ）【S / ブラック】,eu22-D121-S-blk,SS,NGO3,8,8,0,
RV551-I000097,Playing Dog Sweat For Dog（ドッグ）【XS / ブラック】,eu22-D121-XS-blk,SS,NGO3,3,3,0,
RV551-I000096,Playing Dog Sweat For Dog（ドッグ）【S / グリーン】,eu22-D121-S-grn,SS,NGO3,2,2,0,
RV551-I000092,RinTinTin Short Sleeve Tee For Kids（キッズ）【130 / ピンク】,eu22-K106-130-pin,SS,NGO3,5,5,0,
RV551-I000091,RinTinTin Short Sleeve Tee For Kids（キッズ）【120 / ピンク】,eu22-K106-120-pin,SS,NGO3,4,4,0,
RV551-I000090,RinTinTin Short Sleeve Tee For Kids（キッズ）【130 / オフホワイト】,eu22-K106-130-off,SS,NGO3,4,4,0,
RV551-I000089,RinTinTin Short Sleeve Tee For Kids（キッズ）【120 / オフホワイト】,eu22-K106-120-off,SS,NGO3,5,5,0,
RV551-I000088,RinTinTin Short Sleeve Tee For Kids（キッズ）【120 / スミクロ】,eu22-K106-120-blk,SS,NGO3,5,5,0,
RV551-I000087,RinTinTin Short Sleeve Tee For Kids（キッズ）【110 / ピンク】,eu22-K106-110-pin,SS,NGO3,8,8,0,
RV551-I000086,RinTinTin Short Sleeve Tee For Kids（キッズ）【110 / スミクロ】,eu22-K106-110-blk,SS,NGO3,8,8,0,
RV551-I000085,RinTinTin Short Sleeve Tee（アダルト・ユニセックス）【L / ピンク】,eu22-A102-L-pin,60,NGO3,8,8,0,
RV551-I000084,RinTinTin Short Sleeve Tee（アダルト・ユニセックス）【L / オフホワイト】,eu22-A102-L-off,60,NGO3,13,13,0,
RV551-I000083,RinTinTin Short Sleeve Tee（アダルト・ユニセックス）【L / スミクロ】,eu22-A102-L-blk,60,NGO3,1,1,0,
RV551-I000082,RinTinTin Short Sleeve Tee（アダルト・ユニセックス）【M / スミクロ】,eu22-A102-M-blk,SS,NGO3,2,2,0,
RV551-I000081,RinTinTin Short Sleeve Tee（アダルト・ユニセックス）【M / ピンク】,eu22-A102-M-pin,60,NGO3,13,13,0,
RV551-I000080,RinTinTin Tank Top For Dog（ドッグ）【L / ピンク】,eu22-D110-L-pin,SS,NGO3,5,5,0,
RV551-I000079,RinTinTin Tank Top For Dog（ドッグ）【L / スミクロ】,eu22-D110-L-sum,SS,NGO3,5,5,0,
RV551-I000078,RinTinTin Tank Top For Dog（ドッグ）【M / スミクロ】,eu22-D110-M-sum,SS,NGO3,3,3,0,
RV551-I000077,RinTinTin Tank Top For Dog（ドッグ）【M / ピンク】,eu22-D110-M-pin,SS,NGO3,6,6,0,
RV551-I000076,RinTinTin Tank Top For Dog（ドッグ）【S / ピンク】,eu22-D110-S-pin,SS,NGO3,6,6,0,
RV551-I000075,RinTinTin Tank Top For Dog（ドッグ）【M / オフホワイト】,eu22-D110-M-off,SS,NGO3,8,8,0,
RV551-I000074,RinTinTin Tank Top For Dog（ドッグ）【S / オフホワイト】,eu22-D110-S-off,SS,NGO3,5,5,0,
RV551-I000073,RinTinTin Tank Top For Dog（ドッグ）【S / スミクロ】,eu22-D110-S-sum,SS,NGO3,5,5,0,
RV551-I000072,RinTinTin Tank Top For Dog（ドッグ）【XS / スミクロ】,eu22-D110-XS-sum,SS,NGO3,6,6,0,
RV551-I000071,RinTinTin Tank Top For Dog（ドッグ）【XS / ピンク】,eu22-D110-XS-pin,SS,NGO3,4,4,0,
RV551-I000070,Various dogs Long Sleeve Shirts For Kids（キッズ）【120】,eu22-K124-120-off,SS,NGO3,4,4,0,
RV551-I000068,Various dogs Long Sleeve Shirts(アダルト-ユニセックス)【L】,eu22-A123-L-mlt,80,NGO3,12,12,0,
RV551-I000067,Various dogs Shirts For Dog（ドッグ）【L / オフホワイト】,eu22-D125-L-mlt,SS,NGO3,0,0,0,
RV551-I000065,Various dogs Shirts For Dog（ドッグ）【S / オフホワイト】,eu22-D125-S-mlt,SS,NGO3,7,7,0,
RV551-I000061,Various dogs Shirts For Dog（ドッグ）【XS / オフホワイト】,eu22-D125-XS-mlt,SS,NGO3,4,4,0,
RV551-I000059,British Dogs Long Sleeve Tee For Kids（キッズ）【110 / オフホワイト】,eu22-K104-110-off,SS,NGO3,4,4,0,
RV551-I000058,RinTinTin Tank Top For Dog（ドッグ）【XS / オフホワイト】,eu22-D110-XS-off,SS,NGO3,5,5,0,
RV551-I000057,Flanders Long Sleeve Tee（アダルト・ユニセックス）【M / オフホワイト】,eu22-A101-M-off,SS,NGO3,0,0,0,
RV551-I000056,Flanders Long Sleeve Tee For Kids（キッズ）【110 / オフホワイト】,eu22-K105-110-off,SS,NGO3,13,13,0,
RV551-I000055,Flanders Shirts For Dog（ドッグ）【XS / テラコッタ】,eu22-D117-XS-tera,SS,NGO3,5,5,0,
RV551-I000054,Brittany Spaniel Short Sleeve Tee(アダルト-ユニセックス)【M / オフホワイト】,eu22-A103-M-off,SS,NGO3,10,10,0,
RV551-I000053,Various dogs Long Sleeve Shirts For Kids（キッズ）【110】,eu22-K124-110-off,SS,NGO3,0,0,0,
RV551-I000052,Flanders Short Sleeve Shirts（アダルト・ユニセックス）【M / テラコッタ】,eu22-A113-M-tera,80,NGO3,14,14,0,
RV551-I000051,British Dogs Long Sleeve Shirts(アダルト-ユニセックス)【L / オフホワイト】,eu22-A112-L-off,80,NGO3,11,11,0,
RV551-I000049,RinTinTin Short Sleeve Tee（アダルト・ユニセックス）【M / オフホワイト】,eu22-A102-M-off,SS,NGO3,8,8,0,
RV551-I000047,British Dogs Long Sleeve Tee（アダルト・ユニセックス）【M / オフホワイト】,eu22-A100-M-off,60,NGO3,11,11,0,
RV551-I000046,Flanders Tank Top For Dog（ドッグ）【S / ピンク】,eu22-D111-S-pin,80,NGO3,8,8,0,
RV551-I000045,Two of a kind Sweat For Dog（ドッグ）【M / ブラック】,eu22-D122-M-blk,SS,NGO3,8,8,0,
RV551-I000044,Brittany Spaniel Short Tank Top For Dog（ドッグ）【XS / オフホワイト】,eu22-D109-XS-off,60,NGO3,3,3,0,
RV551-I000043,Sumif×TheTENT Flanders マルチマット,eu22-Z118,―,,,,,
RV551-I000042,British Dogs Tank Top For Dog（ドッグ）【S / スミクロ】,eu22-D108-S-sumi,SS,NGO3,10,10,0,
RV551-I000041,British Dogs Tank Top For Dog（ドッグ）【M / スミクロ】,eu22-D108-M-sumi,SS,NGO3,10,10,0,
RV551-I000040,Two of a kind Sweat For Dog（ドッグ）【S / ブラック】,eu22-D122-S-blk,SS,NGO3,9,9,0,
RV551-I000039,Flanders Short Sleeve Shirts For Kids（キッズ）【110 / テラコッタ】,eu22-K115-110-tera,SS,NGO3,2,2,0,
RV551-I000037,RinTinTin Tank Top For Dog（ドッグ）【L / オフホワイト】,eu22-D110-L-off,SS,NGO3,4,4,0,
RV551-I000036,British Dogs Long Sleeve Shirts For Kids（キッズ）【120 / オフホワイト】,eu22-K114-120-off,SS,NGO3,8,8,0,
RV551-I000035,British Dogs Tank Top For Dog（ドッグ）【XS / オフホワイト】,eu22-D108-XS-off,SS,NGO3,9,9,0,
RV551-I000034,British Dogs Tank Top For Dog（ドッグ）【XS / スミクロ】,eu22-D108-XS-sumi,SS,NGO3,9,9,0,
RV551-I000033,British Dogs Tank Top For Dog（ドッグ）【S / オフホワイト】,eu22-D108-S-off,SS,NGO3,8,8,0,
RV551-I000032,British Dogs Tank Top For Dog（ドッグ）【M / オフホワイト】,eu22-D108-M-off,SS,NGO3,7,7,0,
RV551-I000030,British Dogs Tank Top For Dog（ドッグ）【L / スミクロ】,eu22-D108-L-sumi,SS,NGO3,4,4,0,
RV551-I000029,British Dogs Long Sleeve Shirts For Kids（キッズ）【110 / オフホワイト】,eu22-K114-110-off,SS,NGO3,6,6,0,
RV551-I000028,British Dogs Long Sleeve Shirts For Kids（キッズ）【130 / オフホワイト】,eu22-K114-130-off,SS,NGO3,0,0,0,
RV551-I000027,British Dogs Shirts For Dog（ドッグ）【XS / オフホワイト】,eu22-D116-XS-off,SS,NGO3,1,1,0,
RV551-I000026,British Dogs Shirts For Dog（ドッグ）【S / オフホワイト】,eu22-D116-S-off,SS,NGO3,8,8,0,
RV551-I000025,British Dogs Shirts For Dog（ドッグ）【L / オフホワイト】,eu22-D116-L-off,―,,,,,
RV551-I000024,Flanders Short Sleeve Shirts For Kids（キッズ）【120 / テラコッタ】,eu22-K115-120-tera,SS,NGO3,8,8,0,
RV551-I000023,Flanders Short Sleeve Shirts For Kids（キッズ）【130 / テラコッタ】,eu22-K115-130-tera,SS,NGO3,4,4,0,
RV551-I000022,Brittany Spaniel Short Sleeve Tee For Kids（キッズ）【110 / オフホワイト】,eu22-K107-110-off,SS,NGO3,10,10,0,
RV551-I000021,Brittany Spaniel Short Sleeve Tee For Kids（キッズ）【110 / スミクロ】,eu22-K107-110-sumi,SS,NGO3,11,11,0,
RV551-I000020,Brittany Spaniel Short Sleeve Tee For Kids（キッズ）【110 / ピンク】,eu22-K107-110-pin,SS,NGO3,7,7,0,
RV551-I000019,Brittany Spaniel Short Sleeve Tee For Kids（キッズ）【110 / グリーン】,eu22-K107-110-gr,SS,NGO3,10,10,0,
RV551-I000018,Brittany Spaniel Short Sleeve Tee For Kids（キッズ）【120 / オフホワイト】,eu22-K107-120-off,SS,NGO3,0,0,0,
RV551-I000017,Brittany Spaniel Short Sleeve Tee For Kids（キッズ）【120 / スミクロ】,eu22-K107-120-sumi,SS,NGO3,1,1,0,
RV551-I000016,Brittany Spaniel Short Sleeve Tee For Kids（キッズ）【120 / ピンク】,eu22-K107-120-pin,SS,NGO3,3,3,0,
RV551-I000015,Brittany Spaniel Short Sleeve Tee For Kids（キッズ）【120 / グリーン】,eu22-K107-120-gr,SS,NGO3,4,4,0,
RV551-I000014,Brittany Spaniel Short Sleeve Tee For Kids（キッズ）【130 / オフホワイト】,eu22-K107-130-off,SS,NGO3,5,5,0,
RV551-I000013,Brittany Spaniel Short Sleeve Tee For Kids（キッズ）【130 / スミクロ】,eu22-K107-130-sumi,SS,NGO3,2,2,0,
RV551-I000012,Brittany Spaniel Short Sleeve Tee For Kids（キッズ）【130 / ピンク】,eu22-K107-130-pin,SS,NGO3,4,4,0,
RV551-I000011,Brittany Spaniel Short Sleeve Tee For Kids（キッズ）【130 / グリーン】,eu22-K107-130-gr,SS,NGO3,1,1,0,
RV551-I000010,Two of a kind Sweat（アダルト・ユニセックス）【Ｌ / ホワイト】,eu22-A120-L-wht,80,NGO3,0,0,0,
RV551-I000009,Two of a kind Sweat For Dog（ドッグ）【XS / ホワイト】,eu22-D122-XS-wht,SS,NGO3,9,9,0,
RV551-I000008,Two of a kind Sweat For Dog（ドッグ）【XS / ブラック】,eu22-D122-XS-blk,SS,NGO3,8,8,0,
RV551-I000007,Two of a kind Sweat For Dog（ドッグ）【S / ホワイト】,eu22-D122-S-wht,SS,NGO3,13,13,0,
RV551-I000006,Two of a kind Sweat For Dog（ドッグ）【M / ホワイト】,eu22-D122-M-wht,SS,NGO3,9,9,0,
RV551-I000005,Two of a kind Sweat For Dog（ドッグ）【L / ホワイト】,eu22-D122-L-wht,SS,NGO3,3,3,0,
RV551-I000004,Two of a kind Sweat For Dog（ドッグ）【L / ブラック】,eu22-D122-L-blk,SS,NGO3,5,5,0,
RV551-I000003,Sumif×The TENT Drawstring Bag【ホワイト】,eu22-tentbag-wht,―,,,,,
RV551-I000002,Sumif×The TENT Drawstring Bag【チャコール】,eu22-tentbag-cha,―,,,,,
RV551-I000001,Sumif×The TENT Drawstring Bag【ベージュ】,eu22-tentbag-bge,―,,,,,
